东方证券-因子选股系列研究/1. 多因子模型的基石－－单因子有效性检验.pdf	东方/因子选股/00000000-东方-因子选股-001-多因子模型的基石_单因子有效性检验.pdf
东方证券-因子选股系列研究/10. Alpha因子库精简与优化.pdf	东方/因子选股/00000000-东方-因子选股-010-alpha因子库精简与优化.pdf
东方证券-因子选股系列研究/100. DFQ_HIST，添加图信息的选股因子挖掘系统.pdf	东方/因子选股/00000000-东方-因子选股-100-dfq_hist_添加图信息的选股因子挖掘系统.pdf
东方证券-因子选股系列研究/101. 自适应时空图网络周频alpha模型.pdf	东方/因子选股/00000000-东方-因子选股-101-自适应时空图网络周频alpha模型.pdf
东方证券-因子选股系列研究/11. 资金规模对策略收益的影响.pdf	东方/因子选股/00000000-东方-因子选股-011-资金规模对策略收益的影响.pdf
东方证券-因子选股系列研究/12. 线性高效简化版冲击成本模型.pdf	东方/因子选股/00000000-东方-因子选股-012-线性高效简化版冲击成本模型.pdf
东方证券-因子选股系列研究/13. Alpha预测.pdf	东方/因子选股/00000000-东方-因子选股-013-alpha预测.pdf
东方证券-因子选股系列研究/14. 非流动性的度量及其横截面溢价.pdf	东方/因子选股/00000000-东方-因子选股-014-非流动性的度量及其横截面溢价.pdf
东方证券-因子选股系列研究/15. 东方机器选股模型Ver1.0.pdf	东方/因子选股/00000000-东方-因子选股-015-东方机器选股模型ver1_0.pdf
东方证券-因子选股系列研究/16. 非对称价格冲击带来的超额收益.pdf	东方/因子选股/00000000-东方-因子选股-016-非对称价格冲击带来的超额收益.pdf
东方证券-因子选股系列研究/17. A股市场风险分析.pdf	东方/因子选股/00000000-东方-因子选股-017-a股市场风险分析.pdf
东方证券-因子选股系列研究/18. 在Alpha衰退之前.pdf	东方/因子选股/00000000-东方-因子选股-018-在alpha衰退之前.pdf
东方证券-因子选股系列研究/19. 动态情景Alpha模型再思考.pdf	东方/因子选股/00000000-东方-因子选股-019-动态情景alpha模型再思考.pdf
东方证券-因子选股系列研究/2. 低特质波动，高超额收益_因子选股系列研究之二.pdf	东方/因子选股/00000000-东方-因子选股-002-低特质波动_高超额收益.pdf
东方证券-因子选股系列研究/20. 技术类新Alpha因子的批量测试.pdf	东方/因子选股/00000000-东方-因子选股-020-技术类新alpha因子的批量测试.pdf
东方证券-因子选股系列研究/21. 组合优化是与非.pdf	东方/因子选股/00000000-东方-因子选股-021-组合优化是与非.pdf
东方证券-因子选股系列研究/22. 中美市场因子选股效果对比分析.pdf	东方/因子选股/00000000-东方-因子选股-022-中美市场因子选股效果对比分析.pdf
东方证券-因子选股系列研究/23. 反转因子失效市场下的量化策略应对.pdf	东方/因子选股/00000000-东方-因子选股-023-反转因子失效市场下的量化策略应对.pdf
东方证券-因子选股系列研究/24. 细分行业建模之银行内因子研究.pdf	东方/因子选股/00000000-东方-因子选股-024-细分行业建模之银行内因子研究.pdf
东方证券-因子选股系列研究/25. 多因子模型在港股中的应用.pdf	东方/因子选股/00000000-东方-因子选股-025-多因子模型在港股中的应用.pdf
东方证券-因子选股系列研究/26. 因子选股与事件驱动的Bayes整合.pdf	东方/因子选股/00000000-东方-因子选股-026-因子选股与事件驱动的bayes整合.pdf
东方证券-因子选股系列研究/27. 预期外的盈利能力.pdf	东方/因子选股/00000000-东方-因子选股-027-预期外的盈利能力.pdf
东方证券-因子选股系列研究/28. 用机器学习解释市值，特异市值因子.pdf	东方/因子选股/00000000-东方-因子选股-028-用机器学习解释市值_特异市值因子.pdf
东方证券-因子选股系列研究/29. 细分行业建模之券商内因子研究.pdf	东方/因子选股/00000000-东方-因子选股-029-细分行业建模之券商内因子研究.pdf
东方证券-因子选股系列研究/29. 质优股量化投资.pdf	东方/因子选股/00000000-东方-因子选股-029-质优股量化投资.pdf
东方证券-因子选股系列研究/3. 投机、交易行为与股票收益（上）.pdf	东方/因子选股/00000000-东方-因子选股-003-投机_交易行为与股票收益_上.pdf
东方证券-因子选股系列研究/30. 量化因子选股回顾与展望.pdf	东方/因子选股/00000000-东方-因子选股-030-量化因子选股回顾与展望.pdf
东方证券-因子选股系列研究/31. 风险模型在时间序列上的改进.pdf	东方/因子选股/00000000-东方-因子选股-031-风险模型在时间序列上的改进.pdf
东方证券-因子选股系列研究/32. 分析师研报的数据特征与alpha.pdf	东方/因子选股/00000000-东方-因子选股-032-分析师研报的数据特征与alpha.pdf
东方证券-因子选股系列研究/33. 反转因子择时研究.pdf	东方/因子选股/00000000-东方-因子选股-033-反转因子择时研究.pdf
东方证券-因子选股系列研究/34. 基于风险监控的动态调仓策略.pdf	东方/因子选股/00000000-东方-因子选股-034-基于风险监控的动态调仓策略.pdf
东方证券-因子选股系列研究/35. 组合优化的若干问题.pdf	东方/因子选股/00000000-东方-因子选股-035-组合优化的若干问题.pdf
东方证券-因子选股系列研究/36. A股小市值溢价的来源.pdf	东方/因子选股/00000000-东方-因子选股-036-a股小市值溢价的来源.pdf
东方证券-因子选股系列研究/37. 风险模型提速组合优化的另一种方案.pdf	东方/因子选股/00000000-东方-因子选股-037-风险模型提速组合优化的另一种方案.pdf
东方证券-因子选股系列研究/38. 协方差矩阵谱分解近似方法的补充.pdf	东方/因子选股/00000000-东方-因子选股-038-协方差矩阵谱分解近似方法的补充.pdf
东方证券-因子选股系列研究/39. 业绩超预期类因子.pdf	东方/因子选股/00000000-东方-因子选股-039-业绩超预期类因子.pdf
东方证券-因子选股系列研究/4. 基于交易热度的指数增强.pdf	东方/因子选股/00000000-东方-因子选股-004-基于交易热度的指数增强.pdf
东方证券-因子选股系列研究/40. 因子择时.pdf	东方/因子选股/00000000-东方-因子选股-040-因子择时.pdf
东方证券-因子选股系列研究/41. 公司研发费用因子探究.pdf	东方/因子选股/00000000-东方-因子选股-041-公司研发费用因子探究.pdf
东方证券-因子选股系列研究/42. 上市公司业绩预告信息研究.pdf	东方/因子选股/00000000-东方-因子选股-042-上市公司业绩预告信息研究.pdf
东方证券-因子选股系列研究/43. 盈利预测与市价隐含预期收益.pdf	东方/因子选股/00000000-东方-因子选股-043-盈利预测与市价隐含预期收益.pdf
东方证券-因子选股系列研究/44. 东方A股因子风险模型（DFQ~2018）.pdf	东方/因子选股/00000000-东方-因子选股-044-东方a股因子风险模型_dfq_2018.pdf
东方证券-因子选股系列研究/45. 基于copula的尾部相关性研究，上尾异常相关系数因子.pdf	东方/因子选股/00000000-东方-因子选股-045-基于copula的尾部相关性研究_上尾异常相关系数因子.pdf
东方证券-因子选股系列研究/46. DFQ2018绩效归因与基金投资分析工具.pdf	东方/因子选股/00000000-东方-因子选股-046-dfq2018绩效归因与基金投资分析工具.pdf
东方证券-因子选股系列研究/47. A股涨跌幅排行榜效应.pdf	东方/因子选股/00000000-东方-因子选股-047-a股涨跌幅排行榜效应.pdf
东方证券-因子选股系列研究/48. Alpha与Smart_Beta.pdf	东方/因子选股/00000000-东方-因子选股-048-alpha与smart_beta.pdf
东方证券-因子选股系列研究/49. 日内交易特征稳定性与股票收益.pdf	东方/因子选股/00000000-东方-因子选股-049-日内交易特征稳定性与股票收益.pdf
东方证券-因子选股系列研究/5. 剔除行业、风格因素后的大类因子检验.pdf	东方/因子选股/00000000-东方-因子选股-005-剔除行业_风格因素后的大类因子检验.pdf
东方证券-因子选股系列研究/50. A股行业内选股分析总结.pdf	东方/因子选股/00000000-东方-因子选股-050-a股行业内选股分析总结.pdf
东方证券-因子选股系列研究/51. 适宜快节奏的年报公告季.pdf	东方/因子选股/00000000-东方-因子选股-051-适宜快节奏的年报公告季.pdf
东方证券-因子选股系列研究/52. Alpha预测之二：机器的比拼.pdf	东方/因子选股/00000000-东方-因子选股-052-alpha预测之二_机器的比拼.pdf
东方证券-因子选股系列研究/53. 基于因子组合FMP的因子加权方法.pdf	东方/因子选股/00000000-东方-因子选股-053-基于因子组合fmp的因子加权方法.pdf
东方证券-因子选股系列研究/54. 波动率因子的逻辑与非对称使用.pdf	东方/因子选股/00000000-东方-因子选股-054-波动率因子的逻辑与非对称使用.pdf
东方证券-因子选股系列研究/55. 优质民企策略指数.pdf	东方/因子选股/00000000-东方-因子选股-055-优质民企策略指数.pdf
东方证券-因子选股系列研究/56. 大小盘风格择时与投资运用.pdf	东方/因子选股/00000000-东方-因子选股-056-大小盘风格择时与投资运用.pdf
东方证券-因子选股系列研究/57. 温和收益的动量与极端收益的反转效应.pdf	东方/因子选股/00000000-东方-因子选股-057-温和收益的动量与极端收益的反转效应.pdf
东方证券-因子选股系列研究/58. 资本市场开放对因子投资的影响.pdf	东方/因子选股/00000000-东方-因子选股-058-资本市场开放对因子投资的影响.pdf
东方证券-因子选股系列研究/59. 跳跃Beta与连续Beta.pdf	东方/因子选股/00000000-东方-因子选股-059-跳跃beta与连续beta.pdf
东方证券-因子选股系列研究/6. 用组合优化构建更精确多样的投资组合.pdf	东方/因子选股/00000000-东方-因子选股-006-用组合优化构建更精确多样的投资组合.pdf
东方证券-因子选股系列研究/60. 基于量价关系度量股票的买卖压力.pdf	东方/因子选股/00000000-东方-因子选股-060-基于量价关系度量股票的买卖压力.pdf
东方证券-因子选股系列研究/61. 基于机构持仓的因子情景分析.pdf	东方/因子选股/00000000-东方-因子选股-061-基于机构持仓的因子情景分析.pdf
东方证券-因子选股系列研究/62. 来自优秀基金经理的超额收益.pdf	东方/因子选股/00000000-东方-因子选股-062-来自优秀基金经理的超额收益.pdf
东方证券-因子选股系列研究/63. 关于组合换手的若干问题.pdf	东方/因子选股/00000000-东方-因子选股-063-关于组合换手的若干问题.pdf
东方证券-因子选股系列研究/64. 从北上资金中提取的系列alpha因子.pdf	东方/因子选股/00000000-东方-因子选股-064-从北上资金中提取的系列alpha因子.pdf
东方证券-因子选股系列研究/66. 基于时间尺度度量的日内买卖压力.pdf	东方/因子选股/00000000-东方-因子选股-066-基于时间尺度度量的日内买卖压力.pdf
东方证券-因子选股系列研究/68. 因子加权过程中的大类权重控制.pdf	东方/因子选股/00000000-东方-因子选股-068-因子加权过程中的大类权重控制.pdf
东方证券-因子选股系列研究/7. 投机、交易行为与股票收益（下）.pdf	东方/因子选股/00000000-东方-因子选股-007-投机_交易行为与股票收益_下.pdf
东方证券-因子选股系列研究/70. 机器因子库相对人工因子库的增量.pdf	东方/因子选股/00000000-东方-因子选股-070-机器因子库相对人工因子库的增量.pdf
东方证券-因子选股系列研究/71. 涨停板事件对股票价格行为的影响.pdf	东方/因子选股/00000000-东方-因子选股-071-涨停板事件对股票价格行为的影响.pdf
东方证券-因子选股系列研究/72. 隐藏风险因子，组合风控的另一种选择.pdf	东方/因子选股/00000000-东方-因子选股-072-隐藏风险因子_组合风控的另一种选择.pdf
东方证券-因子选股系列研究/73. 更稳健易算的分析师盈利上调因子.pdf	东方/因子选股/00000000-东方-因子选股-073-更稳健易算的分析师盈利上调因子.pdf
东方证券-因子选股系列研究/74. 神经网络日频alpha模型初步实践.pdf	东方/因子选股/00000000-东方-因子选股-074-神经网络日频alpha模型初步实践.pdf
东方证券-因子选股系列研究/75. 适用A股不同股票池的统计风险模型.pdf	东方/因子选股/00000000-东方-因子选股-075-适用a股不同股票池的统计风险模型.pdf
东方证券-因子选股系列研究/76. 基于委托订单数据的alpha因子.pdf	东方/因子选股/00000000-东方-因子选股-076-基于委托订单数据的alpha因子.pdf
东方证券-因子选股系列研究/77. “居中”和“离群”股的ALPHA.pdf	东方/因子选股/00000000-东方-因子选股-077-居中_和_离群_股的alpha.pdf
东方证券-因子选股系列研究/78. 存在于全市场范围内的稳健动量效应.pdf	东方/因子选股/00000000-东方-因子选股-078-存在于全市场范围内的稳健动量效应.pdf
东方证券-因子选股系列研究/79. 基于大单的alpha因子构建.pdf	东方/因子选股/00000000-东方-因子选股-079-基于大单的alpha因子构建.pdf
东方证券-因子选股系列研究/8. 动态情景多因子Alpha模型.pdf	东方/因子选股/00000000-东方-因子选股-008-动态情景多因子alpha模型.pdf
东方证券-因子选股系列研究/80. 收益率的非对称分布与尾部蕴含的Alpha.pdf	东方/因子选股/00000000-东方-因子选股-080-收益率的非对称分布与尾部蕴含的alpha.pdf
东方证券-因子选股系列研究/81. 周频量价指增模型.pdf	东方/因子选股/00000000-东方-因子选股-081-周频量价指增模型.pdf
东方证券-因子选股系列研究/82. 超大单冲击对大单因子的影响.pdf	东方/因子选股/00000000-东方-因子选股-082-超大单冲击对大单因子的影响.pdf
东方证券-因子选股系列研究/83. 多模型学习量价时序特征.pdf	东方/因子选股/00000000-东方-因子选股-083-多模型学习量价时序特征.pdf
东方证券-因子选股系列研究/84. 分析师覆盖度因子改进.pdf	东方/因子选股/00000000-东方-因子选股-084-分析师覆盖度因子改进.pdf
东方证券-因子选股系列研究/85. 基于财报的业绩超预期度量.pdf	东方/因子选股/00000000-东方-因子选股-085-基于财报的业绩超预期度量.pdf
东方证券-因子选股系列研究/86. 研报文本情感倾向因子.pdf	东方/因子选股/00000000-东方-因子选股-086-研报文本情感倾向因子.pdf
东方证券-因子选股系列研究/87. 分析师研报类alpha增强.pdf	东方/因子选股/00000000-东方-因子选股-087-分析师研报类alpha增强.pdf
东方证券-因子选股系列研究/88. 基于偏股型基金指数的增强方案.pdf	东方/因子选股/00000000-东方-因子选股-088-基于偏股型基金指数的增强方案.pdf
东方证券-因子选股系列研究/89. 分析师情感调整分数ASAS.pdf	东方/因子选股/00000000-东方-因子选股-089-分析师情感调整分数asas.pdf
东方证券-因子选股系列研究/9. 日内残差高阶矩与股票收益.pdf	东方/因子选股/00000000-东方-因子选股-009-日内残差高阶矩与股票收益.pdf
东方证券-因子选股系列研究/90. DFQ遗传规划价量因子挖掘系统.pdf	东方/因子选股/00000000-东方-因子选股-090-dfq遗传规划价量因子挖掘系统.pdf
东方证券-因子选股系列研究/91. 基于循环神经网络的多频率因子挖掘.pdf	东方/因子选股/00000000-东方-因子选股-091-基于循环神经网络的多频率因子挖掘.pdf
东方证券-因子选股系列研究/92. 基于时点动量的因子轮动.pdf	东方/因子选股/00000000-东方-因子选股-092-基于时点动量的因子轮动.pdf
东方证券-因子选股系列研究/93. 集成模型在量价特征中的应用.pdf	东方/因子选股/00000000-东方-因子选股-093-集成模型在量价特征中的应用.pdf
东方证券-因子选股系列研究/94. UMR2.0，风险溢价视角下的动量反转统一框架再升级.pdf	东方/因子选股/00000000-东方-因子选股-094-umr2_0_风险溢价视角下的动量反转统一框架再升级.pdf
东方证券-因子选股系列研究/95. DFQ强化学习因子组合挖掘系统.pdf	东方/因子选股/00000000-东方-因子选股-095-dfq强化学习因子组合挖掘系统.pdf
东方证券-因子选股系列研究/96. 基于残差网络的端到端因子挖掘模型.pdf	东方/因子选股/00000000-东方-因子选股-096-基于残差网络的端到端因子挖掘模型.pdf
东方证券-因子选股系列研究/97. DFQ_TRA，多交易模式学习因子挖掘系统.pdf	东方/因子选股/00000000-东方-因子选股-097-dfq_tra_多交易模式学习因子挖掘系统.pdf
东方证券-因子选股系列研究/98. 基于抗噪的AI量价模型改进方案.pdf	东方/因子选股/00000000-东方-因子选股-098-基于抗噪的ai量价模型改进方案.pdf
东方证券-因子选股系列研究/99. 基于异构图神经网络的股票关联因子挖掘.pdf	东方/因子选股/00000000-东方-因子选股-099-基于异构图神经网络的股票关联因子挖掘.pdf
中金多因子/中金 _ 归因溯源，繁中选优——公募基金因子评价体系.pdf	中金/无/00000000-中金-无-000-归因溯源_繁中选优_公募基金因子评价体系.pdf
中金多因子/中金公司-量化多因子系列（10）：港股因子初探-62页.pdf	中金/量化多因子/00000000-中金-量化多因子-010-港股因子初探.pdf
中金多因子/中金公司-量化多因子系列（11）：如何捕捉四象限的风格轮动？-24页.pdf	中金/量化多因子/00000000-中金-量化多因子-011-如何捕捉四象限的风格轮动.pdf
中金多因子/中金公司-量化多因子系列（12）：高频因子手册-73页.pdf	中金/量化多因子/00000000-中金-量化多因子-012-高频因子手册.pdf
中金多因子/中金公司-量化多因子系列（1）：QQC综合质量因子与指数增强应用.pdf	中金/量化多因子/00000000-中金-量化多因子-001-qqc综合质量因子与指数增强应用.pdf
中金多因子/中金公司-量化多因子系列（2）：非线性假设下的情景分析因子模型-24页.pdf	中金/量化多因子/00000000-中金-量化多因子-002-非线性假设下的情景分析因子模型.pdf
中金多因子/中金公司-量化多因子系列（3）：如何捕捉成长与价值的风格轮动？-24页.pdf	中金/量化多因子/00000000-中金-量化多因子-003-如何捕捉成长与价值的风格轮动.pdf
中金多因子/中金公司-量化多因子系列（4）：风格轮动模型与主动-被动量化产品的结合-21页.pdf	中金/量化多因子/00000000-中金-量化多因子-004-风格轮动模型与主动_被动量化产品的结合.pdf
中金多因子/中金公司-量化多因子系列（5）：基本面因子手册-67页.pdf	中金/量化多因子/00000000-中金-量化多因子-005-基本面因子手册.pdf
中金多因子/中金公司-量化多因子系列（6）：关于动量，你所希望了解的那些事.pdf	中金/量化多因子/00000000-中金-量化多因子-006-关于动量_你所希望了解的那些事.pdf
中金多因子/中金公司-量化多因子系列（7）：价量因子手册-56页.pdf	中金/量化多因子/00000000-中金-量化多因子-007-价量因子手册.pdf
中金多因子/中金公司-量化多因子系列（8）：供应链如何实现动量传导？-32页.pdf	中金/量化多因子/00000000-中金-量化多因子-008-供应链如何实现动量传导.pdf
中金多因子/中金公司-量化多因子系列（9）：宽基指数增强2.pdf	中金/量化多因子/00000000-中金-量化多因子-009-宽基指数增强2.pdf
华泰人工智能/20170601-华泰人工智能系列之一：人工智能选股框架及经典算法简介-华泰证券.pdf	华泰/人工智能/20170601-华泰-人工智能-001-人工智能选股框架及经典算法简介.pdf
华泰人工智能/20170622-华泰人工智能系列之二：人工智能选股之广义线性模型-华泰证券.pdf	华泰/人工智能/20170622-华泰-人工智能-002-人工智能选股之广义线性模型.pdf
华泰人工智能/20170804-华泰人工智能系列之三：人工智能选股之支持向量机模型-华泰证券.pdf	华泰/人工智能/20170804-华泰-人工智能-003-人工智能选股之支持向量机模型.pdf
华泰人工智能/20170817-华泰人工智能系列之四：人工智能选股之朴素贝叶斯模型-华泰证券.pdf	华泰/人工智能/20170817-华泰-人工智能-004-人工智能选股之朴素贝叶斯模型.pdf
华泰人工智能/20170831-华泰人工智能系列之五：人工智能选股之随机森林模型-华泰证券.pdf	华泰/人工智能/20170831-华泰-人工智能-005-人工智能选股之随机森林模型.pdf
华泰人工智能/20170911-华泰人工智能系列之六：人工智能选股之Boosting模型-华泰证券.pdf	华泰/人工智能/20170911-华泰-人工智能-006-人工智能选股之boosting模型.pdf
华泰人工智能/20170912-华泰人工智能系列之七：人工智能选股之Python实战-华泰证券.pdf	华泰/人工智能/20170912-华泰-人工智能-007-人工智能选股之python实战.pdf
华泰人工智能/20171123-华泰人工智能系列之八：人工智能选股之全连接神经网络-华泰证券.pdf	华泰/人工智能/20171123-华泰-人工智能-008-人工智能选股之全连接神经网络.pdf
华泰人工智能/20171124-华泰人工智能系列之九：人工智能选股之循环神经网络模型-华泰证券.pdf	华泰/人工智能/20171124-华泰-人工智能-009-人工智能选股之循环神经网络模型.pdf
华泰人工智能/20180320-华泰人工智能系列之十：宏观周期指标应用于随机森林选股-华泰证券.pdf	华泰/人工智能/20180320-华泰-人工智能-010-宏观周期指标应用于随机森林选股.pdf
华泰人工智能/20180503-华泰人工智能系列之十一：人工智能选股之stacking集成学习-华泰证券.pdf	华泰/人工智能/20180503-华泰-人工智能-011-人工智能选股之stacking集成学习.pdf
华泰人工智能/20180725-华泰人工智能系列之十二：人工智能选股之特征选择-华泰证券.pdf	华泰/人工智能/20180725-华泰-人工智能-012-人工智能选股之特征选择.pdf
华泰人工智能/20180802-华泰人工智能系列之十三：人工智能选股之损失函数的改进-华泰证券.pdf	华泰/人工智能/20180802-华泰-人工智能-013-人工智能选股之损失函数的改进.pdf
华泰人工智能/20181128-华泰人工智能系列之十四：对抗过拟合：从时序交叉验证谈起-华泰证券.pdf	华泰/人工智能/20181128-华泰-人工智能-014-对抗过拟合_从时序交叉验证谈起.pdf
华泰人工智能/20190213-华泰人工智能系列之十五：人工智能选股之卷积神经网络-华泰证券.pdf	华泰/人工智能/20190213-华泰-人工智能-015-人工智能选股之卷积神经网络.pdf
华泰人工智能/20190218-华泰人工智能系列之十六：再论时序交叉验证对抗过拟合-华泰证券.pdf	华泰/人工智能/20190218-华泰-人工智能-016-再论时序交叉验证对抗过拟合.pdf
华泰人工智能/20190313-华泰人工智能系列之十七：人工智能选股之数据标注方法实证-华泰证券.pdf	华泰/人工智能/20190313-华泰-人工智能-017-人工智能选股之数据标注方法实证.pdf
华泰人工智能/20190409-华泰人工智能系列之十八：机器学习选股模型的调仓频率实证-华泰证券.pdf	华泰/人工智能/20190409-华泰-人工智能-018-机器学习选股模型的调仓频率实证.pdf
华泰人工智能/20190422-华泰人工智能系列之十九：偶然中的必然：重采样技术检验过拟合-华泰证券.pdf	华泰/人工智能/20190422-华泰-人工智能-019-偶然中的必然_重采样技术检验过拟合.pdf
华泰人工智能/20190429-华泰人工智能系列之二十：必然中的偶然：机器学习中的随机数-华泰证券.pdf	华泰/人工智能/20190429-华泰-人工智能-020-必然中的偶然_机器学习中的随机数.pdf
华泰人工智能/20190610-华泰人工智能系列之二十一：基于遗传规划的选股因子挖掘-华泰证券.pdf	华泰/人工智能/20190610-华泰-人工智能-021-基于遗传规划的选股因子挖掘.pdf
华泰人工智能/20190617-华泰人工智能系列之二十二：基于CSCV框架的回测过拟合概率-华泰证券.pdf	华泰/人工智能/20190617-华泰-人工智能-022-基于cscv框架的回测过拟合概率.pdf
华泰人工智能/20190807-华泰人工智能系列之二十三：再探基于遗传规划的选股因子挖掘-华泰证券.pdf	华泰/人工智能/20190807-华泰-人工智能-023-再探基于遗传规划的选股因子挖掘.pdf
华泰人工智能/20190902-华泰人工智能系列之二十四：真假序列识别研究-投石问路：技术分析可靠否？-华泰证券.pdf	华泰/人工智能/20190902-华泰-人工智能-024-真假序列识别研究_投石问路_技术分析可靠否.pdf
华泰人工智能/20191117-华泰人工智能系列之二十五：真假序列识别再探：市场弱有效性检验与择时战场选择-华泰证券.pdf	华泰/人工智能/20191117-华泰-人工智能-025-真假序列识别再探_市场弱有效性检验与择时战场选择.pdf
华泰人工智能/20191125-华泰人工智能系列之二十六：遗传规划在CTA信号挖掘中的应用-华泰证券.pdf	华泰/人工智能/20191125-华泰-人工智能-026-遗传规划在cta信号挖掘中的应用.pdf
华泰人工智能/20200206-华泰人工智能系列之二十七：揭开机器学习模型的“黑箱”-华泰证券.pdf	华泰/人工智能/20200206-华泰-人工智能-027-揭开机器学习模型的_黑箱.pdf
华泰人工智能/20200218-华泰人工智能系列之二十八：基于量价的人工智能选股体系概览-华泰证券.pdf	华泰/人工智能/20200218-华泰-人工智能-028-基于量价的人工智能选股体系概览.pdf
华泰人工智能/20200319-华泰人工智能系列之二十九：提升超额收益_另类标签和集成学习-华泰证券.pdf	华泰/人工智能/20200319-华泰-人工智能-029-提升超额收益_另类标签和集成学习.pdf
华泰人工智能/20200424-华泰人工智能系列之三十：从关联到逻辑：因果推断初探-华泰证券.pdf	华泰/人工智能/20200424-华泰-人工智能-030-从关联到逻辑_因果推断初探.pdf
华泰人工智能/20200508-华泰人工智能系列之三十一：生成对抗网络GAN初探-华泰证券.pdf	华泰/人工智能/20200508-华泰-人工智能-031-生成对抗网络gan初探.pdf
华泰人工智能/20200614-华泰人工智能系列之三十二：AlphaNet：因子挖掘神经网络-华泰证券.pdf	华泰/人工智能/20200614-华泰-人工智能-032-alphanet_因子挖掘神经网络.pdf
华泰人工智能/20200702-华泰人工智能系列之三十三：数据模式探索：无监督学习案例-华泰证券.pdf	华泰/人工智能/20200702-华泰-人工智能-033-数据模式探索_无监督学习案例.pdf
华泰人工智能/20200824-华泰人工智能系列之三十四：再探AlphaNet：结构和特征优化-华泰证券.pdf	华泰/人工智能/20200824-华泰-人工智能-034-再探alphanet_结构和特征优化.pdf
华泰人工智能/20200828-华泰人工智能系列之三十五：WGAN应用于金融时间序列生成-华泰证券.pdf	华泰/人工智能/20200828-华泰-人工智能-035-wgan应用于金融时间序列生成.pdf
华泰人工智能/20200922-华泰人工智能系列之三十六：相对生成对抗网络RGAN实证-华泰证券.pdf	华泰/人工智能/20200922-华泰-人工智能-036-相对生成对抗网络rgan实证.pdf
华泰人工智能/20201022-华泰人工智能系列之三十七：舆情因子和BERT情感分类模型-华泰证券.pdf	华泰/人工智能/20201022-华泰-人工智能-037-舆情因子和bert情感分类模型.pdf
华泰人工智能/20201123-华泰人工智能系列之三十八：WGAN生成：从单资产到多资产-华泰证券.pdf	华泰/人工智能/20201123-华泰-人工智能-038-wgan生成_从单资产到多资产.pdf
华泰人工智能/20201221-华泰人工智能系列之三十九：周频量价选股模型的组合优化实证-华泰证券.pdf	华泰/人工智能/20201221-华泰-人工智能-039-周频量价选股模型的组合优化实证.pdf
华泰人工智能/20201222-华泰人工智能系列之四十：微软AI量化投资平台Qlib体验-华泰证券.pdf	华泰/人工智能/20201222-华泰-人工智能-040-微软ai量化投资平台qlib体验.pdf
华泰人工智能/20210118-华泰人工智能系列之四十一：基于BERT的分析师研报情感因子-华泰证券.pdf	华泰/人工智能/20210118-华泰-人工智能-041-基于bert的分析师研报情感因子.pdf
华泰人工智能/20210221-华泰人工智能系列之四十二：图神经网络选股与Qlib实践-华泰证券.pdf	华泰/人工智能/20210221-华泰-人工智能-042-图神经网络选股与qlib实践.pdf
华泰人工智能/20210310-华泰人工智能系列之四十三：因子观点融入机器学习-华泰证券.pdf	华泰/人工智能/20210310-华泰-人工智能-043-因子观点融入机器学习.pdf
华泰人工智能/20210413-华泰人工智能系列之四十四：深度卷积GAN实证-华泰证券.pdf	华泰/人工智能/20210413-华泰-人工智能-044-深度卷积gan实证.pdf
华泰人工智能/20210419-华泰人工智能系列之四十五：cGAN应用于资产配置-华泰证券.pdf	华泰/人工智能/20210419-华泰-人工智能-045-cgan应用于资产配置.pdf
华泰人工智能/20210704-华泰人工智能系列之四十六：AlphaNet改进：结构和损失函数-华泰证券.pdf	华泰/人工智能/20210704-华泰-人工智能-046-alphanet改进_结构和损失函数.pdf
华泰人工智能/20210804-华泰人工智能系列之四十七：cGAN模拟宏观指标-华泰证券.pdf	华泰/人工智能/20210804-华泰-人工智能-047-cgan模拟宏观指标.pdf
华泰人工智能/20211012-华泰人工智能系列之四十八：对抗过拟合：cGAN应用于策略调参-华泰证券.pdf	华泰/人工智能/20211012-华泰-人工智能-048-对抗过拟合_cgan应用于策略调参.pdf
华泰人工智能/20211024-华泰人工智能系列之四十九：SinGAN单样本生成-华泰证券.pdf	华泰/人工智能/20211024-华泰-人工智能-049-singan单样本生成.pdf
华泰人工智能/20211109-华泰人工智能系列之五十：再探cGAN资产配置-华泰证券.pdf	华泰/人工智能/20211109-华泰-人工智能-050-再探cgan资产配置.pdf
华泰人工智能/20220107-华泰人工智能系列之五十一：文本PEAD选股策略-华泰证券.pdf	华泰/人工智能/20220107-华泰-人工智能-051-文本pead选股策略.pdf
华泰人工智能/20220109-华泰人工智能系列之五十二：神经网络组合优化初探-华泰证券.pdf	华泰/人工智能/20220109-华泰-人工智能-052-神经网络组合优化初探.pdf
华泰人工智能/20220112-华泰人工智能系列之五十三：揭秘微软AI量化研究-华泰证券.pdf	华泰/人工智能/20220112-华泰-人工智能-053-揭秘微软ai量化研究.pdf
华泰人工智能/20220407-华泰人工智能系列之五十四：基于遗传规划的一致预期因子挖掘-华泰证券.pdf	华泰/人工智能/20220407-华泰-人工智能-054-基于遗传规划的一致预期因子挖掘.pdf
华泰人工智能/20220411-华泰人工智能系列之五十五：图神经网络选股的进阶之路-华泰证券.pdf	华泰/人工智能/20220411-华泰-人工智能-055-图神经网络选股的进阶之路.pdf
华泰人工智能/20220423-华泰人工智能系列之五十六：新闻舆情分析的HAN网络选股-华泰证券.pdf	华泰/人工智能/20220423-华泰-人工智能-056-新闻舆情分析的han网络选股.pdf
华泰人工智能/20220701-华泰人工智能系列之五十七：文本FADT选股-华泰证券.pdf	华泰/人工智能/20220701-华泰-人工智能-057-文本fadt选股.pdf
华泰人工智能/20220707-华泰人工智能系列之五十八：分析师共同覆盖因子和图神经网络-华泰证券.pdf	华泰/人工智能/20220707-华泰-人工智能-058-分析师共同覆盖因子和图神经网络.pdf
华泰人工智能/20220721-华泰人工智能系列之五十九：强化学习初探与DQN择时-华泰证券.pdf	华泰/人工智能/20220721-华泰-人工智能-059-强化学习初探与dqn择时.pdf
华泰人工智能/20221011-华泰人工智能系列之六十：量化如何追求模糊的正确：有序回归-华泰证券.pdf	华泰/人工智能/20221011-华泰-人工智能-060-量化如何追求模糊的正确_有序回归.pdf
华泰人工智能/20221026-华泰人工智能系列之六十一：深挖分析师共同覆盖中的关联因子-华泰证券.pdf	华泰/人工智能/20221026-华泰-人工智能-061-深挖分析师共同覆盖中的关联因子.pdf
华泰人工智能/20221027-华泰人工智能系列之六十二：NLP综述：勾勒AI语义理解的轨迹-华泰证券.pdf	华泰/人工智能/20221027-华泰-人工智能-062-nlp综述_勾勒ai语义理解的轨迹.pdf
华泰人工智能/20221028-华泰人工智能系列之六十三：再探文本FADT选股-华泰证券.pdf	华泰/人工智能/20221028-华泰-人工智能-063-再探文本fadt选股.pdf
华泰人工智能/20230130-华泰人工智能系列之六十四：九坤Kaggle量化大赛有哪些启示？.pdf	华泰/人工智能/20230130-华泰-人工智能-064-九坤kaggle量化大赛有哪些启示.pdf
华泰人工智能/20230324-华泰人工智能系列之六十五：GPT＋量化投资＝？.pdf	华泰/人工智能/20230324-华泰-人工智能-065-gpt_量化投资.pdf
华泰人工智能/20230426-华泰人工智能系列之六十六：面向投资研究行业的gpt使用指南.pdf	华泰/人工智能/20230426-华泰-人工智能-066-面向投资研究行业的gpt使用指南.pdf
华泰人工智能/20230506-华泰人工智能系列之六十七：AI模型如何一箭多雕_多任务学习.pdf	华泰/人工智能/20230506-华泰-人工智能-067-ai模型如何一箭多雕_多任务学习.pdf
华泰人工智能/20230511-华泰人工智能系列之六十八：神经网络多频率因子挖掘模型.pdf	华泰/人工智能/20230511-华泰-人工智能-068-神经网络多频率因子挖掘模型.pdf
华泰人工智能/20230822-华泰人工智能系列之六十九：Attention is indeed all you need.pdf	华泰/人工智能/20230822-华泰-人工智能-069-attention_is_indeed_all_you_need.pdf
华泰人工智能/20231017-华泰人工智能系列之七十：高频因子计算的GPU加速.pdf	华泰/人工智能/20231017-华泰-人工智能-070-高频因子计算的gpu加速.pdf
华泰人工智能/20231204-华泰人工智能系列之七十一：自适应网络-从削足适履到量体裁衣.pdf	华泰/人工智能/20231204-华泰-人工智能-071-自适应网络_从削足适履到量体裁衣.pdf
华泰人工智能/20231208-华泰人工智能系列之七十二：基于全频段量价特征的选股模型.pdf	华泰/人工智能/20231208-华泰-人工智能-072-基于全频段量价特征的选股模型.pdf
华泰人工智能/20240220-73.华泰金工 _ 遗传规划因子挖掘的GPU加速.pdf	华泰/人工智能/20240220-华泰-人工智能-073-遗传规划因子挖掘的gpu加速.pdf
华泰人工智能/20240222-74.华泰金工 _ GPT因子工厂：多智能体与因子挖掘.pdf	华泰/人工智能/20240222-华泰-人工智能-074-gpt因子工厂_多智能体与因子挖掘.pdf
华泰人工智能/20240315-75.华泰金工 _ 如何捕捉长时间序列量价数据的规律.pdf	华泰/人工智能/20240315-华泰-人工智能-075-如何捕捉长时间序列量价数据的规律.pdf
华泰人工智能/20240426-76.华泰金工 _ AI量价选股模型风控探讨.pdf	华泰/人工智能/20240426-华泰-人工智能-076-ai量价选股模型风控探讨.pdf
华泰人工智能/20240508-77.华泰金工 _ “GPT如海”：RAG与代码复现.pdf	华泰/人工智能/20240508-华泰-人工智能-077-gpt如海_rag与代码复现.pdf
华泰人工智能/20240509-78.华泰金工 _ 多任务学习选股模型的改进.pdf	华泰/人工智能/20240509-华泰-人工智能-078-多任务学习选股模型的改进.pdf
华泰人工智能/20240524-79.华泰金工 _ 双目标遗传规划应用于行业轮动.pdf	华泰/人工智能/20240524-华泰-人工智能-079-双目标遗传规划应用于行业轮动.pdf
华泰人工智能/20240618-80.华泰金工 _ 机器学习模拟投资者分歧.pdf	华泰/人工智能/20240618-华泰-人工智能-080-机器学习模拟投资者分歧.pdf
华泰人工智能/20240801-81.华泰金工 _ ESG分歧度因子和AI量价增强策略.pdf	华泰/人工智能/20240801-华泰-人工智能-081-esg分歧度因子和ai量价增强策略.pdf
华泰人工智能/20240927-82.华泰金工 _ GPT因子工厂2.0：基本面与高频因子挖掘.pdf	华泰/人工智能/20240927-华泰-人工智能-082-gpt因子工厂2_0_基本面与高频因子挖掘.pdf
华泰人工智能/20241009-83.华泰金工 _ 大模型本地部署手册.pdf	华泰/人工智能/20241009-华泰-人工智能-083-大模型本地部署手册.pdf
华泰人工智能/20241012-84.华泰金工 _ SAM：提升AI量化模型的泛化性能.pdf	华泰/人工智能/20241012-华泰-人工智能-084-sam_提升ai量化模型的泛化性能.pdf
华泰人工智能/20241101-85.华泰金工 _ PortfolioNet_ 神经网络求解组合优化.pdf	华泰/人工智能/20241101-华泰-人工智能-085-portfolionet_神经网络求解组合优化.pdf
华泰人工智能/华泰金工 _ 华泰人工智能研究6周年回顾.pdf	华泰/无/00000000-华泰-无-000-华泰金工_华泰人工智能研究6周年回顾.pdf
华泰多因子系列/20160921-华泰证券-多因子系列之一：华泰多因子模型体系初探.pdf	华泰/多因子/20160921-华泰-多因子-001-华泰多因子模型体系初探.pdf
华泰多因子系列/20160929-华泰证券-多因子系列之二：华泰单因子测试之估值类因子.pdf	华泰/多因子/20160929-华泰-多因子-002-华泰单因子测试之估值类因子.pdf
华泰多因子系列/20161031-华泰证券-多因子系列之三：华泰单因子测试之成长类因子.pdf	华泰/多因子/20161031-华泰-多因子-003-华泰单因子测试之成长类因子.pdf
华泰多因子系列/20161220-华泰证券-多因子系列之四：华泰单因子测试之动量类因子.pdf	华泰/多因子/20161220-华泰-多因子-004-华泰单因子测试之动量类因子.pdf
华泰多因子系列/20170109-华泰证券-多因子系列之五：华泰单因子测试之换手率类因子.pdf	华泰/多因子/20170109-华泰-多因子-005-华泰单因子测试之换手率类因子.pdf
华泰多因子系列/20170327-华泰证券-多因子系列之六：华泰单因子测试之波动率类因子.pdf	华泰/多因子/20170327-华泰-多因子-006-华泰单因子测试之波动率类因子.pdf
华泰多因子系列/20180517-华泰证券-多因子系列之七：华泰单因子测试之资金流向因子.pdf	华泰/多因子/20180517-华泰-多因子-007-华泰单因子测试之资金流向因子.pdf
华泰多因子系列/20180525-华泰证券-多因子系列之八：华泰单因子测试之财务质量因子.pdf	华泰/多因子/20180525-华泰-多因子-008-华泰单因子测试之财务质量因子.pdf
华泰多因子系列/20181214-华泰证券-多因子系列之九：华泰单因子测试之一致预期因子.pdf	华泰/多因子/20181214-华泰-多因子-009-华泰单因子测试之一致预期因子.pdf
华泰多因子系列/20190104-华泰证券-多因子系列之十：因子合成方法实证分析.pdf	华泰/多因子/20190104-华泰-多因子-010-因子合成方法实证分析.pdf
华泰多因子系列/20190521-华泰证券-多因子系列之十一：华泰单因子测试之海量技术因子.pdf	华泰/多因子/20190521-华泰-多因子-011-华泰单因子测试之海量技术因子.pdf
华泰多因子系列/20190612-华泰证券-多因子系列之十二：桑土之防，结构化多因子风险模型.pdf	华泰/多因子/20190612-华泰-多因子-012-桑土之防_结构化多因子风险模型.pdf
华泰多因子系列/20191015-华泰证券-多因子系列之十三：华泰单因子测试之历史分位数因子.pdf	华泰/多因子/20191015-华泰-多因子-013-华泰单因子测试之历史分位数因子.pdf
华泰期货/华泰期货 多元 CTA 策略分析与展望.pdf	华泰期货/无/00000000-华泰期货-无-000-多元_cta_策略分析与展望.pdf
华泰期货/华泰期货-CTA量化策略因子系列（一）：波动率因子-170825.pdf	华泰期货/cta量化策略因子/20170825-华泰期货-cta量化策略因子-001-波动率因子.pdf
华泰期货/华泰期货-CTA量化策略因子系列（七）：商品动量因子新升级-180330.pdf	华泰期货/cta量化策略因子/20180330-华泰期货-cta量化策略因子-007-商品动量因子新升级.pdf
华泰期货/华泰期货-CTA量化策略因子系列（三）：期限结构因子-171025.pdf	华泰期货/cta量化策略因子/20171025-华泰期货-cta量化策略因子-003-期限结构因子.pdf
华泰期货/华泰期货-CTA量化策略因子系列（二）：动量因子-170925.pdf	华泰期货/cta量化策略因子/20170925-华泰期货-cta量化策略因子-002-动量因子.pdf
华泰期货/华泰期货-CTA量化策略因子系列（五）：偏度与峰度因子--171225.pdf	华泰期货/cta量化策略因子/20171225-华泰期货-cta量化策略因子-005-偏度与峰度因子.pdf
华泰期货/华泰期货-CTA量化策略因子系列（六）：商品成交持仓排名因子（上）-180330.pdf	华泰期货/cta量化策略因子/20180330-华泰期货-cta量化策略因子-006-商品成交持仓排名因子_上.pdf
华泰期货/华泰期货-CTA量化策略因子系列（四）：因子组合与择时-171124.pdf	华泰期货/cta量化策略因子/20171124-华泰期货-cta量化策略因子-004-因子组合与择时.pdf
华泰期货/基于高斯分布隐马氏模型识别市场风格构建量化策略.pdf	华泰期货/无/00000000-华泰期货-无-000-基于高斯分布隐马氏模型识别市场风格构建量化策略.pdf
另类交易策略系列/另类交易策略系列之一：基于混沌理论的股指期货噪声趋势交易策略.pdf	广发/另类交易策略/00000000-广发-另类交易策略-001-基于混沌理论的股指期货噪声趋势交易策略.pdf
另类交易策略系列/另类交易策略系列之七：在标度不变性破缺下洞察资金流向——MFT交易策略.pdf	广发/另类交易策略/00000000-广发-另类交易策略-007-在标度不变性破缺下洞察资金流向_mft交易策略.pdf
另类交易策略系列/另类交易策略系列之三十一：快速趋势识别下的金融期货交易策略.pdf	广发/另类交易策略/00000000-广发-另类交易策略-031-快速趋势识别下的金融期货交易策略.pdf
另类交易策略系列/另类交易策略系列之三十二：从成份股一致性来衡量市场的趋势.pdf	广发/另类交易策略/00000000-广发-另类交易策略-032-从成份股一致性来衡量市场的趋势.pdf
另类交易策略系列/另类交易策略系列之三十：探寻股指期货跨品种的最优组合.pdf	广发/另类交易策略/00000000-广发-另类交易策略-030-探寻股指期货跨品种的最优组合.pdf
另类交易策略系列/另类交易策略系列之三：多项式拟合的股指期货趋势交易(LPTT)策略.pdf	广发/另类交易策略/00000000-广发-另类交易策略-003-多项式拟合的股指期货趋势交易_lptt_策略.pdf
另类交易策略系列/另类交易策略系列之九：基于遗传规划的智能交易策略方法.pdf	广发/另类交易策略/00000000-广发-另类交易策略-009-基于遗传规划的智能交易策略方法.pdf
另类交易策略系列/另类交易策略系列之二十一：基于市场情绪平稳度的股指期货日内交易策略.pdf	广发/另类交易策略/00000000-广发-另类交易策略-021-基于市场情绪平稳度的股指期货日内交易策略.pdf
另类交易策略系列/另类交易策略系列之二十七：均线交叉策略的另类创新研究.pdf	广发/另类交易策略/00000000-广发-另类交易策略-027-均线交叉策略的另类创新研究.pdf
另类交易策略系列/另类交易策略系列之二十三：股指期货高频追杀趋势策略.pdf	广发/另类交易策略/00000000-广发-另类交易策略-023-股指期货高频追杀趋势策略.pdf
另类交易策略系列/另类交易策略系列之二十九：全球商品期货量化交易策略初探.pdf	广发/另类交易策略/00000000-广发-另类交易策略-029-全球商品期货量化交易策略初探.pdf
另类交易策略系列/另类交易策略系列之二十二：风格动量下的股指期货跨品种套利策略.pdf	广发/另类交易策略/00000000-广发-另类交易策略-022-风格动量下的股指期货跨品种套利策略.pdf
另类交易策略系列/另类交易策略系列之二十五：价量模式匹配股指期货交易策略.pdf	广发/另类交易策略/00000000-广发-另类交易策略-025-价量模式匹配股指期货交易策略.pdf
另类交易策略系列/另类交易策略系列之二十八：再论RSI指标在股指期货日内交易中的使用.pdf	广发/另类交易策略/00000000-广发-另类交易策略-028-再论rsi指标在股指期货日内交易中的使用.pdf
另类交易策略系列/另类交易策略系列之二十六——境外中概股股指期货对于A股市场择时研究.pdf	广发/另类交易策略/00000000-广发-另类交易策略-026-境外中概股股指期货对于a股市场择时研究.pdf
另类交易策略系列/另类交易策略系列之二十四——观日内趋势，察行业轮动，品风格套利.pdf	广发/另类交易策略/00000000-广发-另类交易策略-024-观日内趋势_察行业轮动_品风格套利.pdf
另类交易策略系列/另类交易策略系列之二十：期权对标的指数走势的预测性分析.pdf	广发/另类交易策略/00000000-广发-另类交易策略-020-期权对标的指数走势的预测性分析.pdf
另类交易策略系列/另类交易策略系列之二：一类波动收敛突变模式的趋势跟随策略.pdf	广发/另类交易策略/00000000-广发-另类交易策略-002-一类波动收敛突变模式的趋势跟随策略.pdf
另类交易策略系列/另类交易策略系列之五：基于缠中说禅之分型通道趋势交易系统.pdf	广发/另类交易策略/00000000-广发-另类交易策略-005-基于缠中说禅之分型通道趋势交易系统.pdf
另类交易策略系列/另类交易策略系列之八：基于时域分形的相似性匹配日内低频交易策略（SMT）.pdf	广发/另类交易策略/00000000-广发-另类交易策略-008-基于时域分形的相似性匹配日内低频交易策略_smt.pdf
另类交易策略系列/另类交易策略系列之六：基于GFTD的期指日内程序化交易策略.pdf	广发/另类交易策略/00000000-广发-另类交易策略-006-基于gftd的期指日内程序化交易策略.pdf
另类交易策略系列/另类交易策略系列之十一：日内突破模式及其资金管理的多重比较研究.pdf	广发/另类交易策略/00000000-广发-另类交易策略-011-日内突破模式及其资金管理的多重比较研究.pdf
另类交易策略系列/另类交易策略系列之十七：深度学习股指期货日内交易策略.pdf	广发/另类交易策略/00000000-广发-另类交易策略-017-深度学习股指期货日内交易策略.pdf
另类交易策略系列/另类交易策略系列之十三：基于统计语言模型（SLM）的择时交易研究.pdf	广发/另类交易策略/00000000-广发-另类交易策略-013-基于统计语言模型_slm_的择时交易研究.pdf
另类交易策略系列/另类交易策略系列之十九：带反转的加强版EMDT交易策略.pdf	广发/另类交易策略/00000000-广发-另类交易策略-019-带反转的加强版emdt交易策略.pdf
另类交易策略系列/另类交易策略系列之十二：基于遗传规划多维变量的股指期货交易策略.pdf	广发/另类交易策略/00000000-广发-另类交易策略-012-基于遗传规划多维变量的股指期货交易策略.pdf
另类交易策略系列/另类交易策略系列之十五：识别趋势震荡之神器MESA.pdf	广发/另类交易策略/00000000-广发-另类交易策略-015-识别趋势震荡之神器mesa.pdf
另类交易策略系列/另类交易策略系列之十八：厚尾分布下的随机区间突破策略.pdf	广发/另类交易策略/00000000-广发-另类交易策略-018-厚尾分布下的随机区间突破策略.pdf
另类交易策略系列/另类交易策略系列之十六：波段形态识别模型(WPRM)及期指交易策略应用.pdf	广发/另类交易策略/00000000-广发-另类交易策略-016-波段形态识别模型_wprm_及期指交易策略应用.pdf
另类交易策略系列/另类交易策略系列之十四：经验模态分解下的日内趋势交易策略.pdf	广发/另类交易策略/00000000-广发-另类交易策略-014-经验模态分解下的日内趋势交易策略.pdf
另类交易策略系列/另类交易策略系列之十：基于遗传算法的期指日内交易系统.pdf	广发/另类交易策略/00000000-广发-另类交易策略-010-基于遗传算法的期指日内交易系统.pdf
另类交易策略系列/另类交易策略系列之四：基于日内波动极值的股指期货趋势跟随系统.pdf	广发/另类交易策略/00000000-广发-另类交易策略-004-基于日内波动极值的股指期货趋势跟随系统.pdf
国信证券-其他报告/国信证券-20100617-中期策略会专题(ppt)A股市场量化基金实践探讨.pdf	国信/无/20100617-国信-无-000-中期策略会专题_ppt_a股市场量化基金实践探讨.pdf
国信证券-其他报告/国信证券-20140104-量化行业配置报告-相对强弱方法在大小盘风格轮动中的应用.pdf	国信/无/20140104-国信-无-000-量化行业配置报告_相对强弱方法在大小盘风格轮动中的应用.pdf
国信证券-其他报告/国信证券-20140917-投资时钟-市场周期与杠杆切换逻辑.pdf	国信/无/20140917-国信-无-000-投资时钟_市场周期与杠杆切换逻辑.pdf
国信证券-其他报告/国信证券-20141208-行业弹性指数择时模型：7月25日以来持续看多.pdf	国信/无/20141208-国信-无-000-行业弹性指数择时模型_7月25日以来持续看多.pdf
国信证券-其他报告/国信证券-20141229-量化行业配置报告之一：基于GSISI择时的行业配置模型.pdf	国信/量化行业配置/20141229-国信-量化行业配置-001-基于gsisi择时的行业配置模型.pdf
国信证券-其他报告/国信证券_20090921_算法交易与程序化交易-VWAP 策略模拟效果及未来扩展.pdf	国信/无/20090921-国信-无-000-算法交易与程序化交易_vwap_策略模拟效果及未来扩展.pdf
国信证券-其他报告/国信证券_20091214_2010年年度策略会金融工程专题-数量化投资展望与国信量化研究体系.pdf	国信/无/20091214-国信-无-000-2010年年度策略会金融工程专题_数量化投资展望与国信量化研究体系.pdf
国信证券-其他报告/国信证券_20091214_算法交易与程序化交易-算法交易及其在A股的实证分析.pdf	国信/无/20091214-国信-无-000-算法交易与程序化交易_算法交易及其在a股的实证分析.pdf
国信证券-其他报告/国信证券_20091215_2010年年度策略会金融工程专题-基于CART决策树的行业选股方法.pdf	国信/无/20091215-国信-无-000-2010年年度策略会金融工程专题_基于cart决策树的行业选股方法.pdf
国信证券-其他报告/国信证券_20091221_创新产品专题研究系列之五-折价远期结构产品：KOF（Knock  Out Forward）.pdf	国信/创新产品/20091221-国信-创新产品-005-折价远期结构产品_kof_knock_out_forward.pdf
国信证券-其他报告/国信证券_20100111_宏观因子量化投资应用系列之一-A 股宏观风险因子筛选与选股策略.pdf	国信/宏观因子量化投资应用/20100111-国信-宏观因子量化投资应用-001-a_股宏观风险因子筛选与选股策略.pdf
国信证券-其他报告/国信证券_20100114_基金研究专题报告-开放式股票型基金仓位估算方法研究及应用.pdf	国信/无/20100114-国信-无-000-基金研究专题报告_开放式股票型基金仓位估算方法研究及应用.pdf
国信证券-其他报告/国信证券_20100301_创新型股指期货产品研究系列之一-封基套利产品——利用股指期货实现绝对收益.pdf	国信/创新型股指期货产品/20100301-国信-创新型股指期货产品-001-封基套利产品_利用股指期货实现绝对收益.pdf
国信证券-其他报告/国信证券_20100303_股指期货专题报告-股指期货风险管理的国际比较.pdf	国信/无/20100303-国信-无-000-股指期货专题报告_股指期货风险管理的国际比较.pdf
国信证券-其他报告/国信证券_20100303_股指期货专题报告-风险事件与股指期货风险管理.pdf	国信/无/20100303-国信-无-000-股指期货专题报告_风险事件与股指期货风险管理.pdf
国信证券-其他报告/国信证券_20100308_股指期货与金融创新论坛专题报告-利用股指期货对量化投资组合进行beta管理(PPT).pdf	国信/无/20100308-国信-无-000-股指期货与金融创新论坛专题报告_利用股指期货对量化投资组合进行beta管理_ppt.pdf
国信证券-其他报告/国信证券_20100326_股指期货专题报告-股指期货保证金水平设臵研究.pdf	国信/无/20100326-国信-无-000-股指期货专题报告_股指期货保证金水平设臵研究.pdf
国信证券-其他报告/国信证券_20100406_程序化交易专题报告系列之一-程序化交易在股指期货中的应用.pdf	国信/程序化交易/20100406-国信-程序化交易-001-程序化交易在股指期货中的应用.pdf
国信证券-其他报告/国信证券_20100406_程序化交易专题报告系列之二-在高频数据中挖掘交易机会.pdf	国信/程序化交易/20100406-国信-程序化交易-002-在高频数据中挖掘交易机会.pdf
国信证券-其他报告/国信证券_20100505_另类投资系列之1－艺术品投资综述及投资实务探讨.pdf	国信/另类投资/20100505-国信-另类投资-001-艺术品投资综述及投资实务探讨.pdf
国信证券-其他报告/国信证券_20100525_金融工程2010 年中期投资策略-基于小波分析和支持向量机的指数预测模型.pdf	国信/无/20100525-国信-无-000-金融工程2010_年中期投资策略_基于小波分析和支持向量机的指数预测模型.pdf
国信证券-其他报告/国信证券_20100601_金融工程2010 年中期投资策略-股指期货套利策略与实务分析.pdf	国信/无/20100601-国信-无-000-金融工程2010_年中期投资策略_股指期货套利策略与实务分析.pdf
国信证券-其他报告/国信证券_20100610_金融工程2010年年度投资策略-对冲策略在股指期货时代的应用.pdf	国信/无/20100610-国信-无-000-金融工程2010年年度投资策略_对冲策略在股指期货时代的应用.pdf
国信证券-其他报告/国信证券_20100617_金融工程2010 年中期投资策略-多因子选股模型结合股指期货实现Alpha收益.pdf	国信/无/20100617-国信-无-000-金融工程2010_年中期投资策略_多因子选股模型结合股指期货实现alpha收益.pdf
国信证券-其他报告/国信证券_20100621_金融工程2010 年中期投资策略-基于小波分析和支持向量机的指数预测模型（PPT）.pdf	国信/无/20100621-国信-无-000-金融工程2010_年中期投资策略_基于小波分析和支持向量机的指数预测模型_ppt.pdf
国信证券-其他报告/国信证券_20100712_股指期货套利专题报告-跨期套利，协整法优于成本法.pdf	国信/无/20100712-国信-无-000-股指期货套利专题报告_跨期套利_协整法优于成本法.pdf
国信证券-其他报告/国信证券_20100722_海外资产管理业专题研究系列之八-金融类另类投资组合管理.pdf	国信/海外资产管理业/20100722-国信-海外资产管理业-008-金融类另类投资组合管理.pdf
国信证券-其他报告/国信证券_20100907_投资性指标与策略系列之二-CART决策树在制造业中的选股效果.pdf	国信/投资性指标与策略/20100907-国信-投资性指标与策略-002-cart决策树在制造业中的选股效果.pdf
国信证券-其他报告/国信证券_20100907_算法交易专题研究-算法交易的历史与现状.pdf	国信/无/20100907-国信-无-000-算法交易专题研究_算法交易的历史与现状.pdf
国信证券-其他报告/国信证券_20100908_另类投资系列之二-赌局综述及其对金融创新的启发.pdf	国信/另类投资/20100908-国信-另类投资-002-赌局综述及其对金融创新的启发.pdf
国信证券-其他报告/国信证券_20100910_变点技术应用之二-应用变点技术获得绝对收益.pdf	国信/变点技术应用/20100910-国信-变点技术应用-002-应用变点技术获得绝对收益.pdf
国信证券-其他报告/国信证券_20100910_股指期货专题报告-基于ACD法则和枢轴点的股指期货日内交易实证.pdf	国信/无/20100910-国信-无-000-股指期货专题报告_基于acd法则和枢轴点的股指期货日内交易实证.pdf
国信证券-其他报告/国信证券_20100910_股指期货专题报告_基于小波消噪的股指期货日内交易实证.pdf	国信/无/20100910-国信-无-000-股指期货专题报告_基于小波消噪的股指期货日内交易实证.pdf
国信证券-其他报告/国信证券_20100913_应用变点技术获得绝对收益(PPT).pdf	国信/无/20100913-国信-无-000-应用变点技术获得绝对收益_ppt.pdf
国信证券-其他报告/国信证券_20101222_理解本土市场需求的数量研究及支持体系(PPT).pdf	国信/无/20101222-国信-无-000-理解本土市场需求的数量研究及支持体系_ppt.pdf
国信证券-其他报告/国信证券_20110223_策略指数专题研究之二-通胀下的理想投资标的：通胀防御策略指数.pdf	国信/策略指数/20110223-国信-策略指数-002-通胀下的理想投资标的_通胀防御策略指数.pdf
国信证券-其他报告/国信证券_20110224_策略指数专题研究之一-因子选股构建130-30沪深300增强指数.pdf	国信/策略指数/20110224-国信-策略指数-001-因子选股构建130_30沪深300增强指数.pdf
国信证券-其他报告/国信证券_20110526_行业轮动专题研究-核聚类之二：基于细分行业的子核行业轮动研究.pdf	国信/核聚类/20110526-国信-核聚类-002-行业轮动专题研究_基于细分行业的子核行业轮动研究.pdf
国信证券-其他报告/国信证券_20110530_算法交易研究系列之：交易成本分析.pdf	国信/无/20110530-国信-无-000-算法交易研究系列之_交易成本分析.pdf
国信证券-其他报告/国信证券_20110715_波动率研究系列之一：低波动率系列指数.pdf	国信/波动率/20110715-国信-波动率-001-低波动率系列指数.pdf
国信证券-其他报告/国信证券_20110808_策略指数专题研究之三：GARP行业中性选股策略指数.pdf	国信/策略指数/20110808-国信-策略指数-003-garp行业中性选股策略指数.pdf
国信证券-其他报告/国信证券_20110906_波动率研究系列之二：规模分层特质波动率选股.pdf	国信/波动率/20110906-国信-波动率-002-规模分层特质波动率选股.pdf
国信证券-其他报告/国信证券_20110913_实现量化投资盈利的征程(PPT).pdf	国信/无/20110913-国信-无-000-实现量化投资盈利的征程_ppt.pdf
国信证券-其他报告/国信证券_20110914_高频交易领域的指令流毒性与波动性分析-A股市场交易毒性初探.pdf	国信/无/20110914-国信-无-000-高频交易领域的指令流毒性与波动性分析_a股市场交易毒性初探.pdf
国信证券-其他报告/国信证券_20120903_管理期货专题研究-CTA发展脉络及其在中国的启示.pdf	国信/无/20120903-国信-无-000-管理期货专题研究_cta发展脉络及其在中国的启示.pdf
国信证券-其他报告/国信证券_20121225_分级基金专题报告之十四：收益率如何确定，折算权价值几何.pdf	国信/分级基金/20121225-国信-分级基金-014-收益率如何确定_折算权价值几何.pdf
国信证券-其他报告/国信证券_20130321_市场情绪指标量化之一：协同性指标.pdf	国信/市场情绪指标量化/20130321-国信-市场情绪指标量化-001-协同性指标.pdf
国信证券-其他报告/国信证券_20130527_结构性产品专题报告之一：海外结构性金融产品简介.pdf	国信/结构性产品/20130527-国信-结构性产品-001-海外结构性金融产品简介.pdf
国信证券-其他报告/国信证券_20130603_行业配置α-β收益的解构与分析.pdf	国信/无/20130603-国信-无-000-行业配置_收益的解构与分析.pdf
国信证券-其他报告/国信证券_20130701_市场情绪指标量化之二：超跌个股择时.pdf	国信/市场情绪指标量化/20130701-国信-市场情绪指标量化-002-超跌个股择时.pdf
国信证券-其他报告/国信证券_20130807_多因子系列研究报告之四：直接指标VS相对指标.pdf	国信/多因子/20130807-国信-多因子-004-直接指标vs相对指标.pdf
国信证券-其他报告/国信证券_20130815_结构性产品专题报告之二：基于二叉树模型的可转债定价.pdf	国信/结构性产品/20130815-国信-结构性产品-002-基于二叉树模型的可转债定价.pdf
国信证券-其他报告/国信证券_20131008_结构性产品专题报告之三：可转债的Delta对冲套利策略.pdf	国信/结构性产品/20131008-国信-结构性产品-003-可转债的delta对冲套利策略.pdf
国信证券-其他报告/国信证券_20140103_新股专题研究报告：打新股策略研究.pdf	国信/无/20140103-国信-无-000-新股专题研究报告_打新股策略研究.pdf
国信证券-其他报告/国信证券_20140331_衍生品应用与产品设计系列——VIX指数介绍及GSVX编制.pdf	国信/无/20140331-国信-无-000-衍生品应用与产品设计系列_vix指数介绍及gsvx编制.pdf
国信证券-其他报告/国信证券_20140331_衍生品应用与产品设计系列：创新策略指数，BXM及策略实证.pdf	国信/无/20140331-国信-无-000-衍生品应用与产品设计系列_创新策略指数_bxm及策略实证.pdf
国信证券-其他报告/国信证券_20140404_行业投资时钟系列：基于长期趋势投资的行业成交量模型.pdf	国信/无/20140404-国信-无-000-行业投资时钟系列_基于长期趋势投资的行业成交量模型.pdf
国信证券-其他报告/国信证券_20140630_风格投资专题研究之一：Alpha因子风格适应性.pdf	国信/风格投资/20140630-国信-风格投资-001-alpha因子风格适应性.pdf
国信证券-其他报告/国信证券_20140630_风格投资专题研究之二：成长到价值常规路径.pdf	国信/风格投资/20140630-国信-风格投资-002-成长到价值常规路径.pdf
国信证券-数量化投资系列报告/国信证券-20100910-数量化投资技术系列之三十一-行业内区分度动量选股探讨(ppt).pdf	国信/数量化投资/20100910-国信-数量化投资-031-行业内区分度动量选股探讨_ppt.pdf
国信证券-数量化投资系列报告/国信证券_20081208_数量化投资技术综述.pdf	国信/无/20081208-国信-无-000-数量化投资技术综述.pdf
国信证券-数量化投资系列报告/国信证券_20090507_数量化投资系列之三：基于景气指数的行业选择与配置方法.pdf	国信/数量化投资/20090507-国信-数量化投资-003-基于景气指数的行业选择与配置方法.pdf
国信证券-数量化投资系列报告/国信证券_20090512_数量化投资技术之四：中小盘指数基金抽样复制方法比较.pdf	国信/数量化投资/20090512-国信-数量化投资-004-中小盘指数基金抽样复制方法比较.pdf
国信证券-数量化投资系列报告/国信证券_20090515_数量化投资技术(PPT).pdf	国信/无/20090515-国信-无-000-数量化投资技术_ppt.pdf
国信证券-数量化投资系列报告/国信证券_20090603_数量化投资技术系列之七：基于行业Alpha的分类和配置方法――总是获得正Alpha.pdf	国信/数量化投资/20090603-国信-数量化投资-007-基于行业alpha的分类和配置方法_总是获得正alpha.pdf
国信证券-数量化投资系列报告/国信证券_20090629_数量化投资技术系列之九：行业配置的超额收益来自Alpha.pdf	国信/数量化投资/20090629-国信-数量化投资-009-行业配置的超额收益来自alpha.pdf
国信证券-数量化投资系列报告/国信证券_20090629_数量化投资系列之十：行业轮动与资产配置.pdf	国信/数量化投资/20090629-国信-数量化投资-010-行业轮动与资产配置.pdf
国信证券-数量化投资系列报告/国信证券_20090702_数量化投资技术系列之八：基于Gini系数的组合β值控制策略.pdf	国信/数量化投资/20090702-国信-数量化投资-008-基于gini系数的组合_值控制策略.pdf
国信证券-数量化投资系列报告/国信证券_20091214_数量化投资技术系列之二十一：基于收益缺口的基金持仓动量反转策略研究.pdf	国信/数量化投资/20091214-国信-数量化投资-021-基于收益缺口的基金持仓动量反转策略研究.pdf
国信证券-数量化投资系列报告/国信证券_20091214_海外量化技术本土化系列报告之一-对冲基金综述及 A 股市场应用探讨.pdf	国信/海外量化技术本土化/20091214-国信-海外量化技术本土化-001-对冲基金综述及_a_股市场应用探讨.pdf
国信证券-数量化投资系列报告/国信证券_20100115_海外量化技术本土化系列报告之二-配对交易综述及A股市场应用.pdf	国信/海外量化技术本土化/20100115-国信-海外量化技术本土化-002-配对交易综述及a股市场应用.pdf
国信证券-数量化投资系列报告/国信证券_20100302_数量化投资技术系列报告之二十四：应用股指期货对量化投资组合进行β风险管理的流程范例.pdf	国信/数量化投资/20100302-国信-数量化投资-024-应用股指期货对量化投资组合进行_风险管理的流程范例.pdf
国信证券-数量化投资系列报告/国信证券_20100318_海外量化技术本土化系列报告之三-市场中性策略综述及自动化交易系统.pdf	国信/海外量化技术本土化/20100318-国信-海外量化技术本土化-003-市场中性策略综述及自动化交易系统.pdf
国信证券-数量化投资系列报告/国信证券_20100330_数量化投资技术系列报告之二十五：实现量化投资盈利目标的征程2009-2010.pdf	国信/数量化投资/20100330-国信-数量化投资-025-实现量化投资盈利目标的征程2009_2010.pdf
国信证券-数量化投资系列报告/国信证券_20100505_数量化投资系列之二十六：多因子Alpha选股—将行业轮动落实到Top组合.pdf	国信/数量化投资/20100505-国信-数量化投资-026-多因子alpha选股_将行业轮动落实到top组合.pdf
国信证券-数量化投资系列报告/国信证券_20100505_海外量化技术本土化系列报告之四-基于异质股票的配对交易.pdf	国信/海外量化技术本土化/20100505-国信-海外量化技术本土化-004-基于异质股票的配对交易.pdf
国信证券-数量化投资系列报告/国信证券_20100506_数量化投资系列之二十七-国信相对强弱指标GSRS在资产配置中的应用.pdf	国信/数量化投资/20100506-国信-数量化投资-027-国信相对强弱指标gsrs在资产配置中的应用.pdf
国信证券-数量化投资系列报告/国信证券_20100518_海外量化技术本土化系列报告之五-趋势交易综述及自动化交易系统.pdf	国信/海外量化技术本土化/20100518-国信-海外量化技术本土化-005-趋势交易综述及自动化交易系统.pdf
国信证券-数量化投资系列报告/国信证券_20100617_海外量化技术本土化系列之六-对冲策略在股指期货时代的应用.pdf	国信/海外量化技术本土化/20100617-国信-海外量化技术本土化-006-对冲策略在股指期货时代的应用.pdf
国信证券-数量化投资系列报告/国信证券_20100712_海外量化技术本土化系列报告之七-国信投资时钟初探.pdf	国信/海外量化技术本土化/20100712-国信-海外量化技术本土化-007-国信投资时钟初探.pdf
国信证券-数量化投资系列报告/国信证券_20100722_数量化投资系列报告之三十：A股市场事件冲击效应综述.pdf	国信/数量化投资/20100722-国信-数量化投资-030-a股市场事件冲击效应综述.pdf
国信证券-数量化投资系列报告/国信证券_20100723_数量化投资技术系列报告之二十九：将区分度动量模型延伸至三维空间.pdf	国信/数量化投资/20100723-国信-数量化投资-029-将区分度动量模型延伸至三维空间.pdf
国信证券-数量化投资系列报告/国信证券_20100903_数量化投资系列报告之三十三：事件套利之分红、沪深300成份股调整.pdf	国信/数量化投资/20100903-国信-数量化投资-033-事件套利之分红_沪深300成份股调整.pdf
国信证券-数量化投资系列报告/国信证券_20100903_海外量化技术本土化系列报告之八-国信投资时钟之行业关联网络.pdf	国信/海外量化技术本土化/20100903-国信-海外量化技术本土化-008-国信投资时钟之行业关联网络.pdf
国信证券-数量化投资系列报告/国信证券_20100906_数量化投资技术系列报告之三十一：行业内区分度动量选股探讨.pdf	国信/数量化投资/20100906-国信-数量化投资-031-行业内区分度动量选股探讨.pdf
国信证券-数量化投资系列报告/国信证券_20100907_海外量化技术本土化系列报告之九-国信投资时钟之行业轮动.pdf	国信/海外量化技术本土化/20100907-国信-海外量化技术本土化-009-国信投资时钟之行业轮动.pdf
国信证券-数量化投资系列报告/国信证券_20100908_数量化投资技术系列报告之三十四：创新其实可以很快乐.pdf	国信/数量化投资/20100908-国信-数量化投资-034-创新其实可以很快乐.pdf
国信证券-数量化投资系列报告/国信证券_20101102_海外量化技术本土化系列报告之十-国信投资时钟之宏观杜邦分析.pdf	国信/海外量化技术本土化/20101102-国信-海外量化技术本土化-010-国信投资时钟之宏观杜邦分析.pdf
国信证券-数量化投资系列报告/国信证券_20101118_海外量化技术本土化系列报告之十一-美林投资时钟A股市场探讨.pdf	国信/海外量化技术本土化/20101118-国信-海外量化技术本土化-011-美林投资时钟a股市场探讨.pdf
国信证券-数量化投资系列报告/国信证券_20101223_海外量化技术本土化系列报告之十二-逆向思考的浪花—国信投资时钟.pdf	国信/海外量化技术本土化/20101223-国信-海外量化技术本土化-012-逆向思考的浪花_国信投资时钟.pdf
国信证券-数量化投资系列报告/国信证券_20110222_数量化投资技术系列报告之三十五：基于先行基本面因子和行业微观结构的行业配置模型.pdf	国信/数量化投资/20110222-国信-数量化投资-035-基于先行基本面因子和行业微观结构的行业配置模型.pdf
国信证券-数量化投资系列报告/国信证券_20110222_数量化投资系列报告之三十六：A股市场行业基本面先行因子及其对行业收益的预测作用.pdf	国信/数量化投资/20110222-国信-数量化投资-036-a股市场行业基本面先行因子及其对行业收益的预测作用.pdf
国信证券-数量化投资系列报告/国信证券_20110418_数量化投资技术系列报告之三十七：行业微观结构对行业配臵的影响.pdf	国信/数量化投资/20110418-国信-数量化投资-037-行业微观结构对行业配臵的影响.pdf
国信证券-数量化投资系列报告/国信证券_20110505_数量化投资技术系列报告之三十八：基于投资者异质信念的市场情绪指数研究.pdf	国信/数量化投资/20110505-国信-数量化投资-038-基于投资者异质信念的市场情绪指数研究.pdf
国信证券-数量化投资系列报告/国信证券_20110530_数量化投资系列之三十九：基于基本面先行因子的行业配置模型优化及其应用.pdf	国信/数量化投资/20110530-国信-数量化投资-039-基于基本面先行因子的行业配置模型优化及其应用.pdf
国信证券-数量化投资系列报告/国信证券_20110830_数量化投资系列报告之四十二：基于模式聚类的短线选股模型.pdf	国信/数量化投资/20110830-国信-数量化投资-042-基于模式聚类的短线选股模型.pdf
国信证券-数量化投资系列报告/国信证券_20110831_数量化投资技术系列报告之四十五：基于A股市场选股因子边际效用和有效分散的动态区分度动量策略.pdf	国信/数量化投资/20110831-国信-数量化投资-045-基于a股市场选股因子边际效用和有效分散的动态区分度动量策略.pdf
国信证券-数量化投资系列报告/国信证券_20110831_数量化投资系列报告之四十三：基于事件冲击效应的高频统计套利策略.pdf	国信/数量化投资/20110831-国信-数量化投资-043-基于事件冲击效应的高频统计套利策略.pdf
国信证券-数量化投资系列报告/国信证券_20110831_数量化投资系列报告之四十三：基于最优化方法的指数管理策略.pdf	国信/数量化投资/20110831-国信-数量化投资-043-基于最优化方法的指数管理策略.pdf
国信证券-数量化投资系列报告/国信证券_20111214_数量化投资技术系列报告之四十八：基于不定因子的区分度反转策略研究.pdf	国信/数量化投资/20111214-国信-数量化投资-048-基于不定因子的区分度反转策略研究.pdf
国信证券-数量化投资系列报告/国信证券_20111214_数量化投资技术系列报告之四十六：国信市场情绪指针GSSI构建与应用.pdf	国信/数量化投资/20111214-国信-数量化投资-046-国信市场情绪指针gssi构建与应用.pdf
国信证券-数量化投资系列报告/国信证券_20120312_数量化投资系列报告之五十一：基于动态时间弯曲的形态匹配在指数增强中的实证研究.pdf	国信/数量化投资/20120312-国信-数量化投资-051-基于动态时间弯曲的形态匹配在指数增强中的实证研究.pdf
国信证券-数量化投资系列报告/国信证券_20120312_数量化投资系列报告之五十二：基于最优化技术的数量型指数增强策略.pdf	国信/数量化投资/20120312-国信-数量化投资-052-基于最优化技术的数量型指数增强策略.pdf
国信证券-数量化投资系列报告/国信证券_20120313_数量化投资系列报告之五十：GSFMIM应用于指数增强的实证研究.pdf	国信/数量化投资/20120313-国信-数量化投资-050-gsfmim应用于指数增强的实证研究.pdf
国信证券-数量化投资系列报告/国信证券_20120315_数量化投资技术系列报告之五十三：基于核密度估计的选股因子分布差异测度和中性策略.pdf	国信/数量化投资/20120315-国信-数量化投资-053-基于核密度估计的选股因子分布差异测度和中性策略.pdf
国信证券-量化择时与选股/国信证券-20140910-量化择时系列报告之三：中国版“兴登堡凶兆”择时模型.pdf	国信/量化择时/20140910-国信-量化择时-003-中国版_兴登堡凶兆_择时模型.pdf
国信证券-量化择时与选股/国信证券-20140917-投资时钟-风格轮动.pdf	国信/无/20140917-国信-无-000-投资时钟_风格轮动.pdf
国信证券-量化择时与选股/国信证券_20090914_交易性指标与策略系列之一-国信资金强弱指标（GSMS）的构建.pdf	国信/交易性指标与策略/20090914-国信-交易性指标与策略-001-国信资金强弱指标_gsms_的构建.pdf
国信证券-量化择时与选股/国信证券_20100112_交易性指标与策略系列之二-基于有效资金强弱指标（EMS）的择时策略研究.pdf	国信/交易性指标与策略/20100112-国信-交易性指标与策略-002-基于有效资金强弱指标_ems_的择时策略研究.pdf
国信证券-量化择时与选股/国信证券_20100520_数据挖掘专题报告-支持向量机在股票价格预测方面的应用.pdf	国信/无/20100520-国信-无-000-数据挖掘专题报告_支持向量机在股票价格预测方面的应用.pdf
国信证券-量化择时与选股/国信证券_20100907_交易性指标与策略系列之四-GSMS反转失效区域研究.pdf	国信/交易性指标与策略/20100907-国信-交易性指标与策略-004-gsms反转失效区域研究.pdf
国信证券-量化择时与选股/国信证券_20100907_量化选股专题报告-Logistic选股模型及其在沪深300中的实证.pdf	国信/无/20100907-国信-无-000-量化选股专题报告_logistic选股模型及其在沪深300中的实证.pdf
国信证券-量化择时与选股/国信证券_20100907_量化选股专题报告-传统多因素模型及其在沪深300中的实证.pdf	国信/无/20100907-国信-无-000-量化选股专题报告_传统多因素模型及其在沪深300中的实证.pdf
国信证券-量化择时与选股/国信证券_20100914_核聚类方法与寻找A股行业轮动的核(PPT).pdf	国信/无/20100914-国信-无-000-核聚类方法与寻找a股行业轮动的核_ppt.pdf
国信证券-量化择时与选股/国信证券_20101228_投资性指标与策略系列之三-成长股选股策略研究.pdf	国信/投资性指标与策略/20101228-国信-投资性指标与策略-003-成长股选股策略研究.pdf
国信证券-量化择时与选股/国信证券_20110223_交易性指标与策略系列之五-基于相对资金强弱（RMS）指标的风格轮动策略研究.pdf	国信/交易性指标与策略/20110223-国信-交易性指标与策略-005-基于相对资金强弱_rms_指标的风格轮动策略研究.pdf
国信证券-量化择时与选股/国信证券_20110303_基于相对资金强弱指标（RMS）的风格轮动策略(PPT).pdf	国信/无/20110303-国信-无-000-基于相对资金强弱指标_rms_的风格轮动策略_ppt.pdf
国信证券-量化择时与选股/国信证券_20110811_交易性指标与策略系列之六：基于多重分形理论的短趋势择时策略研究.pdf	国信/交易性指标与策略/20110811-国信-交易性指标与策略-006-基于多重分形理论的短趋势择时策略研究.pdf
国信证券-量化择时与选股/国信证券_20110913_GARP相关策略方法及业绩回顾(PPT).pdf	国信/无/20110913-国信-无-000-garp相关策略方法及业绩回顾_ppt.pdf
国信证券-量化择时与选股/国信证券_20110913_基于A股市场选股因子边际效用和有效分散的动态区分度动量策略(PPT).pdf	国信/无/20110913-国信-无-000-基于a股市场选股因子边际效用和有效分散的动态区分度动量策略_ppt.pdf
国信证券-量化择时与选股/国信证券_20110913_基于模式聚类的短线选股模型（PPT）.pdf	国信/无/20110913-国信-无-000-基于模式聚类的短线选股模型_ppt.pdf
国信证券-量化择时与选股/国信证券_20110913_基于高频数据和配对交易的统计套利策略(PPT).pdf	国信/无/20110913-国信-无-000-基于高频数据和配对交易的统计套利策略_ppt.pdf
国信证券-量化择时与选股/国信证券_20110913_应用多因子网格进行组合重构(PPT).pdf	国信/无/20110913-国信-无-000-应用多因子网格进行组合重构_ppt.pdf
国信证券-量化择时与选股/国信证券_20110914_A股市场知情交易概率初探(PPT).pdf	国信/无/20110914-国信-无-000-a股市场知情交易概率初探_ppt.pdf
国信证券-量化择时与选股/国信证券_20111214_模式识别选股模型的优化，支撑线和压力线的组合识别(PPT).pdf	国信/无/20111214-国信-无-000-模式识别选股模型的优化_支撑线和压力线的组合识别_ppt.pdf
国信证券-量化择时与选股/国信证券_20120503_国信投资时钟系列报告之八：探寻股市与经济的逻辑关系.pdf	国信/国信投资时钟/20120503-国信-国信投资时钟-008-探寻股市与经济的逻辑关系.pdf
国信证券-量化择时与选股/国信证券_20120614_国信投资时钟系列报告-千瓣之莲，独自盛开.pdf	国信/无/20120614-国信-无-000-国信投资时钟系列报告_千瓣之莲_独自盛开.pdf
国信证券-量化择时与选股/国信证券_20120618_价值投资系列报告：基于GARP的价值投资选股策略.pdf	国信/无/20120618-国信-无-000-价值投资系列报告_基于garp的价值投资选股策略.pdf
国信证券-量化择时与选股/国信证券_20120730_交易性数据挖掘系列报告：均线回抽的超跌反弹选股策略.pdf	国信/无/20120730-国信-无-000-交易性数据挖掘系列报告_均线回抽的超跌反弹选股策略.pdf
国信证券-量化择时与选股/国信证券_20120806_交易性数据挖掘系列报告：价量联动的形态匹配择时策略.pdf	国信/无/20120806-国信-无-000-交易性数据挖掘系列报告_价量联动的形态匹配择时策略.pdf
国信证券-量化择时与选股/国信证券_20120821_指数化投资专题报告：基于GARP的Alpha选股，指数增强策略.pdf	国信/无/20120821-国信-无-000-指数化投资专题报告_基于garp的alpha选股_指数增强策略.pdf
国信证券-量化择时与选股/国信证券_20120917_交易性数据挖掘系列报告-出来混迟早要还的：基于相对价格的超跌反弹选股策略.pdf	国信/无/20120917-国信-无-000-交易性数据挖掘系列报告_出来混迟早要还的_基于相对价格的超跌反弹选股策略.pdf
国信证券-量化择时与选股/国信证券_20120924_业绩预告事件驱动研究：事件日前负Alpha组合策略.pdf	国信/无/20120924-国信-无-000-业绩预告事件驱动研究_事件日前负alpha组合策略.pdf
国信证券-量化择时与选股/国信证券_20121217_量化技术分析之三：强势股回调.pdf	国信/量化技术分析/20121217-国信-量化技术分析-003-强势股回调.pdf
国信证券-量化择时与选股/国信证券_20121227_量化技术分析之四：均线型趋势跟随策略.pdf	国信/量化技术分析/20121227-国信-量化技术分析-004-均线型趋势跟随策略.pdf
国信证券-量化择时与选股/国信证券_20130124_投资时钟系列报告：基于初值迭代和均值反转的投资时钟量化模型.pdf	国信/无/20130124-国信-无-000-投资时钟系列报告_基于初值迭代和均值反转的投资时钟量化模型.pdf
国信证券-量化择时与选股/国信证券_20130128_多因子系列研究报告之一：风险（Beta）指标静态测试.pdf	国信/多因子/20130128-国信-多因子-001-风险_beta_指标静态测试.pdf
国信证券-量化择时与选股/国信证券_20130221_GARP选股系列2012年回顾：GARP选股——2012年超额收益9.59%，2013开年强势不改.pdf	国信/无/20130221-国信-无-000-garp选股系列2012年回顾_garp选股_2012年超额收益9_59_2013开年强势不改.pdf
国信证券-量化择时与选股/国信证券_20130318_多因子系列研究报告之二-降维与模型的搭建.pdf	国信/多因子/20130318-国信-多因子-002-降维与模型的搭建.pdf
国信证券-量化择时与选股/国信证券_20130422_多因子系列研究报告之三：多因子模型选股评价.pdf	国信/多因子/20130422-国信-多因子-003-多因子模型选股评价.pdf
国信证券-量化择时与选股/国信证券_20130513_garp选股系列：半年度报告garp延续良好表现，半年跑赢大盘4.75%.pdf	国信/无/20130513-国信-无-000-garp选股系列_半年度报告garp延续良好表现_半年跑赢大盘4_75.pdf
国信证券-量化择时与选股/国信证券_20130527_交易性数据挖掘系列报告：基于garp的技术指标增强策略.pdf	国信/无/20130527-国信-无-000-交易性数据挖掘系列报告_基于garp的技术指标增强策略.pdf
国信证券-量化择时与选股/国信证券_20130812_PSR模型系列之一：寻找未来的价值.pdf	国信/psr模型/20130812-国信-psr模型-001-寻找未来的价值.pdf
国信证券-量化择时与选股/国信证券_20130812_交易性数据挖掘系列报告：ROE选股模型的技术指标增强.pdf	国信/无/20130812-国信-无-000-交易性数据挖掘系列报告_roe选股模型的技术指标增强.pdf
国信证券-量化择时与选股/国信证券_20131209_国信量化投资时钟系列-基于现金流的行业投资时钟和大小盘轮动量化模型.pdf	国信/无/20131209-国信-无-000-国信量化投资时钟系列_基于现金流的行业投资时钟和大小盘轮动量化模型.pdf
国信证券-量化择时与选股/国信证券_20140804_量化择时系列报告之一：基于ARFIMA的股市择时模型.pdf	国信/量化择时/20140804-国信-量化择时-001-基于arfima的股市择时模型.pdf
国信证券-量化择时与选股/国信证券_20140804_量化择时系列报告之二：国信投资者情绪指数择时模型.pdf	国信/量化择时/20140804-国信-量化择时-002-国信投资者情绪指数择时模型.pdf
国信证券-金融工程专题研究/国信证券-20141017-金融工程专题研究：围绕成交量构建的多因子模型.pdf	国信/无/20141017-国信-无-000-围绕成交量构建的多因子模型.pdf
国信证券-金融工程专题研究/国信证券_20111214_金融工程专题研究：FF三因子模型变量替代及应用.pdf	国信/无/20111214-国信-无-000-ff三因子模型变量替代及应用.pdf
国信证券-金融工程专题研究/国信证券_20120215_金融工程专题研究：国信投资时钟之结构定量分析.pdf	国信/无/20120215-国信-无-000-国信投资时钟之结构定量分析.pdf
国信证券-金融工程专题研究/国信证券_20120315_金融工程专题研究-基于三因子特征的行业分组及指数构建方法.pdf	国信/无/20120315-国信-无-000-基于三因子特征的行业分组及指数构建方法.pdf
国信证券-金融工程专题研究/国信证券_20120316_金融工程专题报告：应用相对价格数据实施指数增强.pdf	国信/无/20120316-国信-无-000-应用相对价格数据实施指数增强.pdf
国信证券-金融工程专题研究/国信证券_20120319_金融工程专题研究-投资时钟策略指数.pdf	国信/无/20120319-国信-无-000-投资时钟策略指数.pdf
国信证券-金融工程专题研究/国信证券_20120424_金融工程专题研究-分红的理论、现状及投资价值.pdf	国信/无/20120424-国信-无-000-分红的理论_现状及投资价值.pdf
国信证券-金融工程专题研究/国信证券_20120529_金融工程专题研究-基于动态时间规整的择时策略.pdf	国信/无/20120529-国信-无-000-基于动态时间规整的择时策略.pdf
国信证券-金融工程专题研究/国信证券_20120604_金融工程专题研究-股指期货市场微观结构研究（一）.pdf	国信/股指期货市场微观结构/20120604-国信-股指期货市场微观结构-001-无.pdf
国信证券-金融工程专题研究/国信证券_20120605_金融工程专题研究-新股市场的定量剖析.pdf	国信/无/20120605-国信-无-000-新股市场的定量剖析.pdf
国信证券-金融工程专题研究/国信证券_20120726_金融工程专题研究-收益最高100牛股特征分析.pdf	国信/无/20120726-国信-无-000-收益最高100牛股特征分析.pdf
国信证券-金融工程专题研究/国信证券_20120726_金融工程专题研究-时变夏普率的择时策略.pdf	国信/无/20120726-国信-无-000-时变夏普率的择时策略.pdf
国信证券-金融工程专题研究/国信证券_20120823_金融工程研究-行业ETF和跨境ETF在国内发展探讨.pdf	国信/无/20120823-国信-无-000-行业etf和跨境etf在国内发展探讨.pdf
国信证券-金融工程专题研究/国信证券_20120911_金融工程专题研究-中国股市日历效应研究.pdf	国信/无/20120911-国信-无-000-中国股市日历效应研究.pdf
国信证券-金融工程专题研究/国信证券_20120920_金融工程专题研究-基于泡沫破裂理论的LPPL模型.pdf	国信/无/20120920-国信-无-000-基于泡沫破裂理论的lppl模型.pdf
国信证券-金融工程专题研究/国信证券_20121119_金融工程专题研究-葛兰碧法则选股模型.pdf	国信/无/20121119-国信-无-000-葛兰碧法则选股模型.pdf
国信证券-金融工程专题研究/国信证券_20121214_金融工程专题研究-净利润增长率分解分析：中、美两国市场的对比.pdf	国信/无/20121214-国信-无-000-净利润增长率分解分析_中_美两国市场的对比.pdf
国信证券-金融工程专题研究/国信证券_20130111_金融工程专题研究-OBVMACD指标选股模型.pdf	国信/无/20130111-国信-无-000-obvmacd指标选股模型.pdf
国信证券-金融工程专题研究/国信证券_20130219_金融工程专题研究：限售股解禁事件驱动策略研究.pdf	国信/无/20130219-国信-无-000-限售股解禁事件驱动策略研究.pdf
国信证券-金融工程专题研究/国信证券_20130410_金融工程专题研究-欧奈尔选股法则：寻找“未起飞”的成长股.pdf	国信/无/20130410-国信-无-000-欧奈尔选股法则_寻找_未起飞_的成长股.pdf
国信证券-金融工程专题研究/国信证券_20130606_金融工程专题研究-CanSlim选股法在沪深300增强的应用.pdf	国信/无/20130606-国信-无-000-canslim选股法在沪深300增强的应用.pdf
国信证券-金融工程专题研究/国信证券_20130619_金融工程专题研究-国信ROE选股模型.pdf	国信/无/20130619-国信-无-000-国信roe选股模型.pdf
国信证券-金融工程专题研究/国信证券_20130709_金融工程专题研究-运用CanSlim选股法构建强势组合.pdf	国信/无/20130709-国信-无-000-运用canslim选股法构建强势组合.pdf
国信证券-金融工程专题研究/国信证券_20130909_金融工程专题研究-国债期货的价格形成和运行机制研究.pdf	国信/无/20130909-国信-无-000-国债期货的价格形成和运行机制研究.pdf
国信证券-金融工程专题研究/国信证券_20131010_金融工程专题研究-国债期货策略篇：期现套利策略研究.pdf	国信/无/20131010-国信-无-000-国债期货策略篇_期现套利策略研究.pdf
国信证券-金融工程专题研究/国信证券_20131015_金融工程专题研究-价值投资的长期策略、短期风险以及对冲标的衍生的特殊效应.pdf	国信/无/20131015-国信-无-000-价值投资的长期策略_短期风险以及对冲标的衍生的特殊效应.pdf
国信证券-金融工程专题研究/国信证券_20131015_金融工程专题研究-双现金流选股模型实证研究.pdf	国信/无/20131015-国信-无-000-双现金流选股模型实证研究.pdf
国信证券-金融工程专题研究/国信证券_20131015_金融工程专题研究-在不同基准下的博弈：探究alpha策略、beta策略、FOF的配置.pdf	国信/无/20131015-国信-无-000-在不同基准下的博弈_探究alpha策略_beta策略_fof的配置.pdf
国信证券-金融工程专题研究/国信证券_20131015_金融工程专题研究-机器学习法选股.pdf	国信/无/20131015-国信-无-000-机器学习法选股.pdf
国信证券-金融工程专题研究/国信证券_20131016_金融工程专题研究-基于一致预期数据的量化选股模型.pdf	国信/无/20131016-国信-无-000-基于一致预期数据的量化选股模型.pdf
国信证券-金融工程专题研究/国信证券_20140102_金融工程专题研究-寻找被真实低估的“价值股”.pdf	国信/无/20140102-国信-无-000-寻找被真实低估的_价值股.pdf
国信证券-金融工程专题研究/国信证券_20140630_金融工程专题研究-基于协整方法与因子模型的配对交易策略.pdf	国信/无/20140630-国信-无-000-基于协整方法与因子模型的配对交易策略.pdf
国信证券-金融工程专题研究/国信证券_20140630_金融工程专题研究-基于风格分析来发掘模型优势和控制回撤的两类方法.pdf	国信/无/20140630-国信-无-000-基于风格分析来发掘模型优势和控制回撤的两类方法.pdf
国信证券-金融工程专题研究/国信证券_20140630_金融工程专题研究：组合归因下的结构性对冲策略.pdf	国信/无/20140630-国信-无-000-组合归因下的结构性对冲策略.pdf
国金证券/Alpha掘金系列之10：机器学习全流程重构, 细节对比与测试.pdf	国金/alpha掘金/00000000-国金-alpha掘金-010-机器学习全流程重构_细节对比与测试.pdf
国金证券/Alpha掘金系列之11：基于BERT-TextCNN的中证1000舆情增强策略-240508-国金证券-20页.pdf	国金/alpha掘金/20240508-国金-alpha掘金-011-基于bert_textcnn的中证1000舆情增强策略.pdf
国金证券/Alpha掘金系列之12：排序学习对GRU选股模型的增强-240821-国金证券-21页.pdf	国金/alpha掘金/20240821-国金-alpha掘金-012-排序学习对gru选股模型的增强.pdf
国金证券/Alpha掘金系列之13：AI选股模型特征筛选与处理，SHAP、中性化与另类特征-240909-国金证券-26页.pdf	国金/alpha掘金/20240909-国金-alpha掘金-013-ai选股模型特征筛选与处理_shap_中性化与另类特征.pdf
国金证券/Alpha掘金系列之14：GBDT%2bNN机器学习可转债择券策略-250108-国金证券-20页.pdf	国金/alpha掘金/20250108-国金-alpha掘金-014-gbdt_nn机器学习可转债择券策略.pdf
国金证券/Alpha掘金系列之15：基于OpenFE框架的机器学习Level2高频特征挖掘方法.pdf	国金/alpha掘金/00000000-国金-alpha掘金-015-基于openfe框架的机器学习level2高频特征挖掘方法.pdf
国金证券/Alpha掘金系列之18：基于TimeMixer改进的选股因子到ETF轮动策略-250813-国金证券-17页.pdf	国金/alpha掘金/20250813-国金-alpha掘金-018-基于timemixer改进的选股因子到etf轮动策略.pdf
国金证券/Alpha掘金系列之19：基于Mamba2模型的端到端选股框架-251125-国金证券-19页.pdf	国金/alpha掘金/20251125-国金-alpha掘金-019-基于mamba2模型的端到端选股框架.pdf
国金证券/Alpha掘金系列之20：热门概念板块AI预测与概念龙头识别-251202-国金证券-16页.pdf	国金/alpha掘金/20251202-国金-alpha掘金-020-热门概念板块ai预测与概念龙头识别.pdf
国金证券/Alpha掘金系列之21：基于LLM的全天候财务逻辑因子挖掘框架-251227-国金证券-17页.pdf	国金/alpha掘金/20251227-国金-alpha掘金-021-基于llm的全天候财务逻辑因子挖掘框架.pdf
国金证券/Alpha掘金系列之2：基于高频快照数据的量价背离选股因子-20221118-国金证券.pdf	国金/alpha掘金/20221118-国金-alpha掘金-002-基于高频快照数据的量价背离选股因子.pdf
国金证券/Alpha掘金系列之3：高频非线性选股因子的线性化与失效因子的动态纠正-20230202-国金证券.pdf	国金/alpha掘金/20230202-国金-alpha掘金-003-高频非线性选股因子的线性化与失效因子的动态纠正.pdf
国金证券/Alpha掘金系列之4：基于逐笔成交数据的遗憾规避因子-20230227-国金证券-22页.pdf	国金/alpha掘金/20230227-国金-alpha掘金-004-基于逐笔成交数据的遗憾规避因子.pdf
国金证券/Alpha掘金系列之6：弹性与投资者耐心，基于高频订单簿的斜率凸性因子-20230626-国金证券-23页.pdf	国金/alpha掘金/20230626-国金-alpha掘金-006-弹性与投资者耐心_基于高频订单簿的斜率凸性因子.pdf
国金证券/Alpha掘金系列之7：大模型微调指南，ChatGLM医药行业舆情精选策略-20230910-国金证券-23页.pdf	国金/alpha掘金/20230910-国金-alpha掘金-007-大模型微调指南_chatglm医药行业舆情精选策略.pdf
国金证券/Alpha掘金系列之8：沪深300另类舆情增强因子，FinGPT对金融论坛数据情感的精准识别-20231016-国金证券-22页.pdf	国金/alpha掘金/20231016-国金-alpha掘金-008-沪深300另类舆情增强因子_fingpt对金融论坛数据情感的精准识别.pdf
基金研究/2021-09-12_华安证券_基金研究系列之八：基金投资如何选准对标的“锚”-分类标签框架介绍.pdf	华安/基金研究/20210912-华安-基金研究-008-基金投资如何选准对标的_锚_分类标签框架介绍.pdf
基金研究/2021-11-26_信达证券_基金研究系列之六：基金标签体系-资产配置与行业主题配置.pdf	信达/基金研究/20211126-信达-基金研究-006-基金标签体系_资产配置与行业主题配置.pdf
基金研究/2021-12-30_中银证券_“固收+”基金研究系列之一：替代银行理财的投资工具.pdf	中银/固收基金/20211230-中银-固收基金-001-替代银行理财的投资工具.pdf
基金研究/2022-01-15_信达证券_基金研究系列之七：基金标签体系-主动股混基金的风格刻画.pdf	信达/基金研究/20220115-信达-基金研究-007-基金标签体系_主动股混基金的风格刻画.pdf
基金研究/2022-10-31_中信期货_FOF配置公募基金研究系列专题报告之一：类聚群分，权益公募如何择优.pdf	中信期货/fof配置公募基金/20221031-中信期货-fof配置公募基金-001-类聚群分_权益公募如何择优.pdf
基金研究/2023-03-22_浙商证券_公募基金研究体系：标签、因子、专题.pdf	浙商/无/20230322-浙商-无-000-公募基金研究体系_标签_因子_专题.pdf
基金研究/2023-05-15_浙商证券_权益基金专题研究：权益基金池体系与研究框架.pdf	浙商/无/20230515-浙商-无-000-权益基金专题研究_权益基金池体系与研究框架.pdf
多因子/2019-09-03_财通证券_“拾穗”多因子系列报告：当我们在做因子正交化的时候，我们在做什么？.pdf	财通/无/20190903-财通-无-000-拾穗_多因子系列报告_当我们在做因子正交化的时候_我们在做什么.pdf
多因子/2019-10-29_财通证券_“拾穗”多因子系列报告（第19期）：似是而非-横截面回归还是时间序列回归？.pdf	财通/拾穗多因子/20191029-财通-拾穗多因子-019-似是而非_横截面回归还是时间序列回归.pdf
多因子/国泰君安－基于短周期价量特征的多因子选股体系.pdf	国泰君安/无/00000000-国泰君安-无-000-基于短周期价量特征的多因子选股体系.pdf
期货量化/2019-04-10_东证期货_金融工程_国内商品期货交易与投资特征画像.pdf	东证期货/无/20190410-东证期货-无-000-国内商品期货交易与投资特征画像.pdf
海通报告/10_选股因子研究系列（十）——基于波段划分的动态反转因子.pdf	海通/选股因子/00000000-海通-选股因子-010-基于波段划分的动态反转因子.pdf
海通报告/1_选股因子研究系列（一）——A股市场的动量反转效应研究.pdf	海通/选股因子/00000000-海通-选股因子-001-a股市场的动量反转效应研究.pdf
海通报告/2016-06-06_海通证券_选股因子系列研究（十一）：Level2行情选股因子初探.pdf	海通/选股因子/20160606-海通-选股因子-011-level2行情选股因子初探.pdf
海通报告/2016-06-28_海通证券_选股因子系列研究（十二）-量与价的结合.pdf	海通/选股因子/20160628-海通-选股因子-012-量与价的结合.pdf
海通报告/2016-07-20_海通证券_选股因子系列研究（十三）：因子大讲坛.pdf	海通/选股因子/20160720-海通-选股因子-013-因子大讲坛.pdf
海通报告/2016-08-10_海通证券_选股因子系列研究（十四）：交易行为的波动和股票预期收益.pdf	海通/选股因子/20160810-海通-选股因子-014-交易行为的波动和股票预期收益.pdf
海通报告/2016-09-29_海通证券_选股因子系列研究（十五）：“博彩型”股票的预期收益.pdf	海通/选股因子/20160929-海通-选股因子-015-博彩型_股票的预期收益.pdf
海通报告/2016-09-31_海通证券_选股因子系列研究（十六）：选股因子空头收益的转化.pdf	海通/选股因子/20160931-海通-选股因子-016-选股因子空头收益的转化.pdf
海通报告/2017-01-19_海通证券_选股因子系列研究（十七）：选股因子的正交.pdf	海通/选股因子/20170119-海通-选股因子-017-选股因子的正交.pdf
海通报告/2017-03-28_海通证券_选股因子系列研究（十八）：价格形态选股因子.pdf	海通/选股因子/20170328-海通-选股因子-018-价格形态选股因子.pdf
海通报告/2017-05-08_海通证券_选股因子系列研究（十九）：高频因子之股票收益分布特征.pdf	海通/选股因子/20170508-海通-选股因子-019-高频因子之股票收益分布特征.pdf
海通报告/2017-06-13_海通证券_选股因子系列研究（二十）：基于条件期望的因子择时框架.pdf	海通/选股因子/20170613-海通-选股因子-020-基于条件期望的因子择时框架.pdf
海通报告/2017-06-28_海通证券_选股因子系列研究（二十一）：分析师一致预期相关因子.pdf	海通/选股因子/20170628-海通-选股因子-021-分析师一致预期相关因子.pdf
海通报告/2017-07-04_海通证券_选股因子系列研究（二十二）——分析师覆盖度与股票预期收益-.pdf	海通/选股因子/20170704-海通-选股因子-022-分析师覆盖度与股票预期收益.pdf
海通报告/2017-07-27_海通证券_选股因子系列研究（二十三）：历史财务信息对股票收益的预测能力.pdf	海通/选股因子/20170727-海通-选股因子-023-历史财务信息对股票收益的预测能力.pdf
海通报告/2017-08-29_海通证券_选股因子系列研究（二十四）：基于拟合优度和波动率调整的因子溢价估计.pdf	海通/选股因子/20170829-海通-选股因子-024-基于拟合优度和波动率调整的因子溢价估计.pdf
海通报告/2017-09-11_海通证券_选股因子系列研究（二十五）：高频因子之已实现波动分解.pdf	海通/选股因子/20170911-海通-选股因子-025-高频因子之已实现波动分解.pdf
海通报告/2017-10-09_海通证券_选股因子系列研究（二十六）：因子加权、正交和择时的若干性质.pdf	海通/选股因子/20171009-海通-选股因子-026-因子加权_正交和择时的若干性质.pdf
海通报告/2017-10-18_海通证券_选股因子系列研究（二十七）：分位数回归在多因子选股中的应用.pdf	海通/选股因子/20171018-海通-选股因子-027-分位数回归在多因子选股中的应用.pdf
海通报告/2017-10-20_海通证券_选股因子系列研究（二十九）：——因子降维I：底层因子降维方法对比.pdf	海通/选股因子/20171020-海通-选股因子-029-因子降维i_底层因子降维方法对比.pdf
海通报告/2017-11-01_海通证券_选股因子系列研究（二十八）：致预期质量分析.pdf	海通/选股因子/20171101-海通-选股因子-028-致预期质量分析.pdf
海通报告/2017-12-26_海通证券_选股因子系列研究（三十）：因子择时模型改进与择时指标库构建.pdf	海通/选股因子/20171226-海通-选股因子-030-因子择时模型改进与择时指标库构建.pdf
海通报告/2018-01-05_海通证券_选股因子系列研究（三十一）：因子择时指标的筛选.pdf	海通/选股因子/20180105-海通-选股因子-031-因子择时指标的筛选.pdf
海通报告/2018-03-22_海通证券_选股因子系列研究（三十二）：因子择时在风险控制模型中的应用.pdf	海通/选股因子/20180322-海通-选股因子-032-因子择时在风险控制模型中的应用.pdf
海通报告/2018-05-24_海通证券_选股因子系列研究（三十三）：预期调整类因子的收益特征.pdf	海通/选股因子/20180524-海通-选股因子-033-预期调整类因子的收益特征.pdf
海通报告/2018-06-25_海通证券_选股因子系列研究（三十四）：宏观经济数据可以用来选股吗？.pdf	海通/选股因子/20180625-海通-选股因子-034-宏观经济数据可以用来选股吗.pdf
海通报告/2018-07-09_海通证券_选股因子系列研究（三十五）：宏观经济的不确定性在A股市场被定价了吗？.pdf	海通/选股因子/20180709-海通-选股因子-035-宏观经济的不确定性在a股市场被定价了吗.pdf
海通报告/2018-08-16_海通证券_选股因子系列研究（三十六）：哪些宏观经济指标存在选股效应？.pdf	海通/选股因子/20180816-海通-选股因子-036-哪些宏观经济指标存在选股效应.pdf
海通报告/2018-08-30_海通证券_选股因子系列研究（三十七）：A股是否存在异质动量效应？.pdf	海通/选股因子/20180830-海通-选股因子-037-a股是否存在异质动量效应.pdf
海通报告/2018-09-26_海通证券_选股因子系列研究（三十八）：因子敞口上限对优化组合的影响.pdf	海通/选股因子/20180926-海通-选股因子-038-因子敞口上限对优化组合的影响.pdf
海通报告/2018-10-12_海通证券_选股因子系列研究（三十九）：如何计算盈利指标的趋势？.pdf	海通/选股因子/20181012-海通-选股因子-039-如何计算盈利指标的趋势.pdf
海通报告/2018-10-19_海通证券_选股因子系列研究（四十）：预期因子的底层数据处理.pdf	海通/选股因子/20181019-海通-选股因子-040-预期因子的底层数据处理.pdf
海通报告/2018-10-24_海通证券_选股因子系列研究（四十一）：医药行业因子选股研究.pdf	海通/选股因子/20181024-海通-选股因子-041-医药行业因子选股研究.pdf
海通报告/2018-11-08_海通证券_选股因子系列研究（四十二）——因子失效预警：因子拥挤.pdf	海通/选股因子/20181108-海通-选股因子-042-因子失效预警_因子拥挤.pdf
海通报告/2019-01-30_海通证券_选股因子系列研究（四十三）：因子拥挤度的改进.pdf	海通/选股因子/20190130-海通-选股因子-043-因子拥挤度的改进.pdf
海通报告/2019-02-01_海通证券_选股因子系列研究（四十四）：因子拥挤度的扩展.pdf	海通/选股因子/20190201-海通-选股因子-044-因子拥挤度的扩展.pdf
海通报告/2019-02-22_海通证券_选股因子系列研究（四十五）：质量因子.pdf	海通/选股因子/20190222-海通-选股因子-045-质量因子.pdf
海通报告/2019-04-17_海通证券_选股因子系列研究（四十六）：日内分时成交中的玄机.pdf	海通/选股因子/20190417-海通-选股因子-046-日内分时成交中的玄机.pdf
海通报告/2019-05-09_海通证券_选股因子系列研究（四十七）：捕捉投资者的交易意愿.pdf	海通/选股因子/20190509-海通-选股因子-047-捕捉投资者的交易意愿.pdf
海通报告/2019-05-29_海通证券_选股因子系列研究（四十八）：探索A股的五因子模型.pdf	海通/选股因子/20190529-海通-选股因子-048-探索a股的五因子模型.pdf
海通报告/2019-06-17_海通证券_选股因子系列研究（四十九）——当下跌遇到托底.pdf	海通/选股因子/20190617-海通-选股因子-049-当下跌遇到托底.pdf
海通报告/2019-06-19_海通证券_选股因子系列研究（五十）-个股加权方式对比.pdf	海通/选股因子/20190619-海通-选股因子-050-个股加权方式对比.pdf
海通报告/2019-07-21_海通证券_选股因子系列研究（五十一）：消费板块的因子组合.pdf	海通/选股因子/20190721-海通-选股因子-051-消费板块的因子组合.pdf
海通报告/2019-08-07_海通证券_选股因子系列研究（五十二）：基于回归树的因子择时模型.pdf	海通/选股因子/20190807-海通-选股因子-052-基于回归树的因子择时模型.pdf
海通报告/2019-08-26_海通证券_选股因子系列研究（五十三）：上市公司关系网因子.pdf	海通/选股因子/20190826-海通-选股因子-053-上市公司关系网因子.pdf
海通报告/2019-09-11_海通证券_选股因子系列研究（五十四）：资产增长稳定性与资本结构变化.pdf	海通/选股因子/20190911-海通-选股因子-054-资产增长稳定性与资本结构变化.pdf
海通报告/2019-09-24_海通证券_选股因子系列研究（五十五）：价量波动幅度.pdf	海通/选股因子/20190924-海通-选股因子-055-价量波动幅度.pdf
海通报告/2019-11-07_海通证券_选股因子系列研究（五十六）：买卖单数据中的Alpha.pdf	海通/选股因子/20191107-海通-选股因子-056-买卖单数据中的alpha.pdf
海通报告/2020-01-13_海通证券_选股因子系列研究（五十七）：基于主动买入行为的选股因子.pdf	海通/选股因子/20200113-海通-选股因子-057-基于主动买入行为的选股因子.pdf
海通报告/2020-02-17_海通证券_选股因子系列研究（五十八）：知情交易与主买主卖.pdf	海通/选股因子/20200217-海通-选股因子-058-知情交易与主买主卖.pdf
海通报告/2020-02-24_海通证券_选股因子系列研究（五十九）：基于逐笔成交数据的高频因子梳理.pdf	海通/选股因子/20200224-海通-选股因子-059-基于逐笔成交数据的高频因子梳理.pdf
海通报告/2020-03-06_海通证券_选股因子系列研究（六十）：如何利用高频因子的空头效应？.pdf	海通/选股因子/20200306-海通-选股因子-060-如何利用高频因子的空头效应.pdf
海通报告/2020-03-23_海通证券_选股因子系列研究（六十一）：从加权IC到机器学习-高频因子多头失效的修正.pdf	海通/选股因子/20200323-海通-选股因子-061-从加权ic到机器学习_高频因子多头失效的修正.pdf
海通报告/2020-04-07_海通证券_选股因子系列研究（六十二）：被动产品的规模扩张对alpha策略的影响分析-从美国到中国的证据.pdf	海通/选股因子/20200407-海通-选股因子-062-被动产品的规模扩张对alpha策略的影响分析_从美国到中国的证据.pdf
海通报告/2020-04-13_海通证券_选股因子系列研究（六十三）：剔除高频多因子空头组合后的沪深300指数增强策略.pdf	海通/选股因子/20200413-海通-选股因子-063-剔除高频多因子空头组合后的沪深300指数增强策略.pdf
海通报告/2020-04-24_海通证券_选股因子系列研究（六十四）：基于直观逻辑和机器学习的高频数据低频化应用.pdf	海通/选股因子/20200424-海通-选股因子-064-基于直观逻辑和机器学习的高频数据低频化应用.pdf
海通报告/2020-05-28_海通证券_选股因子系列研究（六十五）：剔除高频因子空头组合后的中证500指数增强策略.pdf	海通/选股因子/20200528-海通-选股因子-065-剔除高频因子空头组合后的中证500指数增强策略.pdf
海通报告/2020-06-22_海通证券_选股因子系列研究（六十六）：寻找逐笔交易中的有效信息.pdf	海通/选股因子/20200622-海通-选股因子-066-寻找逐笔交易中的有效信息.pdf
海通报告/2020-06-24_海通证券_选股因子系列研究（六十七）：短周期高频因子与组合调仓收益增强.pdf	海通/选股因子/20200624-海通-选股因子-067-短周期高频因子与组合调仓收益增强.pdf
海通报告/2020-07-08_海通证券_选股因子系列研究（六十八）：基金重仓超配因子及其对指数增强组合的影响.pdf	海通/选股因子/20200708-海通-选股因子-068-基金重仓超配因子及其对指数增强组合的影响.pdf
海通报告/2020-07-30_海通证券_选股因子系列研究（六十九）：高频因子的现实与幻想.pdf	海通/选股因子/20200730-海通-选股因子-069-高频因子的现实与幻想.pdf
海通报告/2020-08-31_海通证券_选股因子系列研究（七十）：日内市场微观结构与高频因子选股能力.pdf	海通/选股因子/20200831-海通-选股因子-070-日内市场微观结构与高频因子选股能力.pdf
海通报告/2020-12-18_海通证券_选股因子系列研究（七十一）：逐笔大单因子与大资金行为.pdf	海通/选股因子/20201218-海通-选股因子-071-逐笔大单因子与大资金行为.pdf
海通报告/2021-01-20_海通证券_选股因子系列研究（七十二）：大单的精细化处理与大单因子重构.pdf	海通/选股因子/20210120-海通-选股因子-072-大单的精细化处理与大单因子重构.pdf
海通报告/2021-03-18_海通证券_选股因子系列研究（七十三）：使用基本面逻辑改进ROE因子.pdf	海通/选股因子/20210318-海通-选股因子-073-使用基本面逻辑改进roe因子.pdf
海通报告/2021-12-02_海通证券_选股因子系列研究（七十四）：基于风格特征的股票重新分类及应用.pdf	海通/选股因子/20211202-海通-选股因子-074-基于风格特征的股票重新分类及应用.pdf
海通报告/2021-12-27_海通证券_选股因子系列研究（七十五）：限价订单簿（LOB）的还原和应用.pdf	海通/选股因子/20211227-海通-选股因子-075-限价订单簿_lob_的还原和应用.pdf
海通报告/2021-12-28_海通证券_选股因子系列研究（七十六）：基于深度学习的高频因子挖掘.pdf	海通/选股因子/20211228-海通-选股因子-076-基于深度学习的高频因子挖掘.pdf
海通报告/2022-04-07_海通证券_选股因子系列研究（七十七）：改进深度学习高频因子的9个尝试.pdf	海通/选股因子/20220407-海通-选股因子-077-改进深度学习高频因子的9个尝试.pdf
海通报告/2022-04-18_海通证券_选股因子系列研究（七十八）：构造A股价值组合的三种范式.pdf	海通/选股因子/20220418-海通-选股因子-078-构造a股价值组合的三种范式.pdf
海通报告/2022-05-31_海通证券_选股因子系列研究（七十九）：用注意力机制优化深度学习高频因子.pdf	海通/选股因子/20220531-海通-选股因子-079-用注意力机制优化深度学习高频因子.pdf
海通报告/2022-06-06_海通证券_注选股因子系列研究（八十）：股票久期的定义、溢价及应用.pdf	海通/选股因子/20220606-海通-选股因子-080-股票久期的定义_溢价及应用.pdf
海通报告/2022-06-21_海通证券_选股因子系列研究（八十一）：净利润相关指标的进一步改进.pdf	海通/选股因子/20220621-海通-选股因子-081-净利润相关指标的进一步改进.pdf
海通报告/2022-07-11_海通证券_选股因子系列研究（八十二）：不可忽视的无形资产.pdf	海通/选股因子/20220711-海通-选股因子-082-不可忽视的无形资产.pdf
海通报告/2022-08-18_海通证券_选股因子系列研究（八十三）：盈利加速的定量刻画与高增长组合的构建.pdf	海通/选股因子/20220818-海通-选股因子-083-盈利加速的定量刻画与高增长组合的构建.pdf
海通报告/2022-09-15_海通证券_选股因子系列研究（八十四）：选股因子的季节效应及其成因.pdf	海通/选股因子/20220915-海通-选股因子-084-选股因子的季节效应及其成因.pdf
海通报告/2022-10-24_海通证券_选股因子系列研究（八十五）：买卖单主动成交中的隐藏信息.pdf	海通/选股因子/20221024-海通-选股因子-085-买卖单主动成交中的隐藏信息.pdf
海通报告/2023-01-30_海通证券_选股因子系列研究（八十六）：深度学习高频因子的特征工程.pdf	海通/选股因子/20230130-海通-选股因子-086-深度学习高频因子的特征工程.pdf
海通报告/2023-05-14_海通证券_选股因子系列研究（八十七）：高频与日度量价数据混合的深度学习因子.pdf	海通/选股因子/20230514-海通-选股因子-087-高频与日度量价数据混合的深度学习因子.pdf
海通报告/2023-09-12_海通证券_选股因子系列研究（八十八）：多颗粒度特征的深度学习模型-探索和对比.pdf	海通/选股因子/20230912-海通-选股因子-088-多颗粒度特征的深度学习模型_探索和对比.pdf
海通报告/2023-10-25_海通证券_选股因子系列研究（八十九）：买入评级因子的改进及其在大盘股优选策略中的应用.pdf	海通/选股因子/20231025-海通-选股因子-089-买入评级因子的改进及其在大盘股优选策略中的应用.pdf
海通报告/2023-11-19_海通证券_选股因子系列研究（九十）：理解红利投资，加入红利投资，超越红利投资.pdf	海通/选股因子/20231119-海通-选股因子-090-理解红利投资_加入红利投资_超越红利投资.pdf
海通报告/2023-12-13_海通证券_选股因子系列研究（九十一）：组合规模、交易成本和大单冲击对因子表现的影响分析.pdf	海通/选股因子/20231213-海通-选股因子-091-组合规模_交易成本和大单冲击对因子表现的影响分析.pdf
海通报告/2023-12-27_海通证券_选股因子系列研究（九十二）：组合约束对其收益表现的影响分析.pdf	海通/选股因子/20231227-海通-选股因子-092-组合约束对其收益表现的影响分析.pdf
海通报告/2024-01-26_海通证券_选股因子系列研究（九十三）：深度学习因子的“模型动物园”.pdf	海通/选股因子/20240126-海通-选股因子-093-深度学习因子的_模型动物园.pdf
海通报告/2_选股因子研究系列（二）：因子模型的尾部相关性研究-海通证券 - 副本.pdf	海通/选股因子/00000000-海通-选股因子-002-因子模型的尾部相关性研究.pdf
海通报告/3_选股因子研究系列（三）——从Spearman相关系数出发研究因子有效性.pdf	海通/选股因子/00000000-海通-选股因子-003-从spearman相关系数出发研究因子有效性.pdf
海通报告/4_选股因子研究系列（四）：多因子选股模型的有效与失效-海通证券 - 副本.pdf	海通/选股因子/00000000-海通-选股因子-004-多因子选股模型的有效与失效.pdf
海通报告/5_选股因子研究系列（五）——寻找股价驱动新因子之净换手率.pdf	海通/选股因子/00000000-海通-选股因子-005-寻找股价驱动新因子之净换手率.pdf
海通报告/6_选股因子研究系列（六）——极值视角下的多因子选股策略.pdf	海通/选股因子/00000000-海通-选股因子-006-极值视角下的多因子选股策略.pdf
海通报告/7_选股因子研究系列（七）——融资推动股价明显，融券作用有限.pdf	海通/选股因子/00000000-海通-选股因子-007-融资推动股价明显_融券作用有限.pdf
海通报告/8_选股因子研究系列（八）——单因子多策略组合.pdf	海通/选股因子/00000000-海通-选股因子-008-单因子多策略组合.pdf
海通报告/9_选股因子研究系列（九）——上市公司薪酬那点事.pdf	海通/选股因子/00000000-海通-选股因子-009-上市公司薪酬那点事.pdf
量化前景/2020-09-08_海通证券_金融工程_金融工程专题报告：准另类数据与因子投资（刘洋溢博士）.pdf	海通/无/20200908-海通-无-000-准另类数据与因子投资_刘洋溢博士.pdf
量化前景/2021-02-23_海通证券_金融工程_主动权益风头正劲，量化仍是一条值得布局和深耕的赛道吗？.pdf	海通/无/20210223-海通-无-000-主动权益风头正劲_量化仍是一条值得布局和深耕的赛道吗.pdf
量化前景/rflr-artificial-intelligence-in-asset-management.pdf	无/无/00000000-无-无-000-rflr_artificial_intelligence_in_asset_management.pdf
高频研报/东吴证券/20191106-东吴证券-金工专题报告：ETF情绪温度计_基于高频折溢价的择时策略.pdf	东吴/无/20191106-东吴-无-000-etf情绪温度计_基于高频折溢价的择时策略.pdf
高频研报/东吴证券/20200223-东吴证券-“技术分析拥抱选股因子”系列研究（一）：高频价量相关性，意想不到的选股因子.pdf	东吴/技术分析拥抱选股因子/20200223-东吴-技术分析拥抱选股因子-001-高频价量相关性_意想不到的选股因子.pdf
高频研报/东吴证券/20200225-东吴证券-“ETF情绪温度计”系列研究（三）：ETF情绪温度计，高频折溢价的基差预测能力.pdf	东吴/etf情绪温度计/20200225-东吴-etf情绪温度计-003-etf情绪温度计_高频折溢价的基差预测能力.pdf
高频研报/东吴证券/20200618-东吴证券-“高频价量相关性拥抱CTA”系列研究（一）：CPV因子期货版.pdf	东吴/高频价量相关性拥抱cta/20200618-东吴-高频价量相关性拥抱cta-001-cpv因子期货版.pdf
高频研报/东吴证券/20200901-东吴证券-“波动率选股因子”系列研究（二）：信息分布均匀度，基于高频波动率的选股因子.pdf	东吴/波动率选股因子/20200901-东吴-波动率选股因子-002-信息分布均匀度_基于高频波动率的选股因子.pdf
高频研报/中信建投/20200709-中信建投-因子深度研究系列：高频量价选股因子初探.pdf	中信建投/无/20200709-中信建投-无-000-因子深度研究系列_高频量价选股因子初探.pdf
高频研报/中信建投/20210129-中信建投-因子深度研究系列：高频订单失衡及价差因子.pdf	中信建投/无/20210129-中信建投-无-000-因子深度研究系列_高频订单失衡及价差因子.pdf
高频研报/中信建投/20221214-中信建投-“逐鹿”Alpha 专题报告（十二）：AlphaZero，基于AutoML_Zero的高频数据低频化因子挖掘框架.pdf	中信建投/逐鹿alpha/20221214-中信建投-逐鹿alpha-012-alphazero_基于automl_zero的高频数据低频化因子挖掘框架.pdf
高频研报/兴业证券/20220104-兴业证券-高频漫谈.pdf	兴业/无/20220104-兴业-无-000-高频漫谈.pdf
高频研报/兴业证券/20220123-兴业证券-高频研究系列二：收益率分布因子构建.pdf	兴业/高频/20220123-兴业-高频-002-收益率分布因子构建.pdf
高频研报/兴业证券/20220504-兴业证券-高频研究系列三：收益率分布中的Alpha.pdf	兴业/高频/20220504-兴业-高频-003-收益率分布中的alpha.pdf
高频研报/兴业证券/20220829-兴业证券-高频研究系列四：成交量分布中的 Alpha.pdf	兴业/高频/20220829-兴业-高频-004-成交量分布中的_alpha.pdf
高频研报/兴业证券/20221109-兴业证券-高频研究系列五：市场微观结构剖析.pdf	兴业/高频/20221109-兴业-高频-005-市场微观结构剖析.pdf
高频研报/兴业证券/20230629-兴业证券-高频研究系列六-时序信息中的Alpha.pdf	兴业/高频/20230629-兴业-高频-006-时序信息中的alpha.pdf
高频研报/兴业证券/20231025-兴业证券-高频研究系列七-高频风险模型构建与应用.pdf	兴业/高频/20231025-兴业-高频-007-高频风险模型构建与应用.pdf
高频研报/其他/20131211-民生证券-CTA程序化交易实务研究之六：基于机器学习的订单簿高频交易策略.pdf	民生/cta程序化交易实务/20131211-民生-cta程序化交易实务-006-基于机器学习的订单簿高频交易策略.pdf
高频研报/其他/20140815-银河证券-CTA程序化交易实务研究之八：期指Level2行情的价格发现研究及高频实战体会.pdf	银河/cta程序化交易实务/20140815-银河-cta程序化交易实务-008-期指level2行情的价格发现研究及高频实战体会.pdf
高频研报/其他/20170801-天风证券-利用高频数据拓展盘口数据：买卖压力失衡.pdf	天风/无/20170801-天风-无-000-利用高频数据拓展盘口数据_买卖压力失衡.pdf
高频研报/其他/20170813-方正证券-“聆听高频世界的声音”系列研究（六）：本福特的启示，从分钟成交量看机构痕迹.pdf	方正/聆听高频世界的声音/20170813-方正-聆听高频世界的声音-006-本福特的启示_从分钟成交量看机构痕迹.pdf
高频研报/其他/20180826-安信证券-机器学习与CTA：本周行情有利于中高频策略.pdf	安信/无/20180826-安信-无-000-机器学习与cta_本周行情有利于中高频策略.pdf
高频研报/其他/20191210-财通证券-“星火”多因子专题报告（九）：博彩偏好还是风险补偿？高频特质偏度因子全解析.pdf	财通/星火多因子/20191210-财通-星火多因子-009-博彩偏好还是风险补偿_高频特质偏度因子全解析.pdf
高频研报/其他/20191230-安信证券-中高频交易策略再出发：机器学习T0.pdf	安信/无/20191230-安信-无-000-中高频交易策略再出发_机器学习t0.pdf
高频研报/其他/20200227-方正证券-市场微观结构剖析系列6：量价关系的高频乐章 .pdf	方正/市场微观结构剖析/20200227-方正-市场微观结构剖析-006-量价关系的高频乐章.pdf
高频研报/其他/20200514-天风证券-市场微观结构探析系列之四：结合中高频信息的指数增强策略.pdf	天风/市场微观结构探析/20200514-天风-市场微观结构探析-004-结合中高频信息的指数增强策略.pdf
高频研报/其他/20200610-华安证券-高频视角下成交额蕴藏的Alpha：市场微观结构剖析之七.pdf	华安/市场微观结构剖析/20200610-华安-市场微观结构剖析-007-高频视角下成交额蕴藏的alpha.pdf
高频研报/其他/20200728-财通证券-高频波动率择时指标：RSJ市场情绪冷暖剂.pdf	财通/无/20200728-财通-无-000-高频波动率择时指标_rsj市场情绪冷暖剂.pdf
高频研报/其他/20201228-华安证券-“学海拾珠”系列之二十四：知情交易的高频指标.pdf	华安/学海拾珠/20201228-华安-学海拾珠-024-知情交易的高频指标.pdf
高频研报/其他/20210527-中泰证券-追踪“聪明资金”系列一：大小盘如何择时？基金抱团高频跟踪数据给我们启示.pdf	中泰/追踪聪明资金/20210527-中泰-追踪聪明资金-001-大小盘如何择时_基金抱团高频跟踪数据给我们启示.pdf
高频研报/其他/20210608-国信证券-学术文献研究系列第5期：交易量时钟，对高频交易模式的洞察.pdf	国信/学术文献/20210608-国信-学术文献-005-交易量时钟_对高频交易模式的洞察.pdf
高频研报/其他/20210823-中泰证券-追踪“聪明资金”系列二：如何高频探测基金行业配置动向？.pdf	中泰/追踪聪明资金/20210823-中泰-追踪聪明资金-002-如何高频探测基金行业配置动向.pdf
高频研报/其他/20211015-东兴证券-另辟蹊径系列之一：基于高频快照数据的行为追踪因子.pdf	东兴/另辟蹊径/20211015-东兴-另辟蹊径-001-基于高频快照数据的行为追踪因子.pdf
高频研报/其他/20220309-东兴证券-海外文献速览系列之十六：高频数据下基于文本挖掘和深度学习的股票波动性预测.pdf	东兴/海外文献速览/20220309-东兴-海外文献速览-016-高频数据下基于文本挖掘和深度学习的股票波动性预测.pdf
高频研报/其他/20220428-信达证券-因子选股系列之一：基于分钟线的高频选股因子.pdf	信达/因子选股/20220428-信达-因子选股-001-基于分钟线的高频选股因子.pdf
高频研报/其他/20220502-中泰证券-追踪“聪明资金”系列：揭开公募持仓“面纱”，细化模型尝试对股票仓位进行高频跟踪.pdf	中泰/无/20220502-中泰-无-000-追踪_聪明资金_系列_揭开公募持仓_面纱_细化模型尝试对股票仓位进行高频跟踪.pdf
高频研报/其他/20220719-国联证券-基于Level2数据：股票多因子系列1_机构主动资金流.pdf	国联/股票多因子/20220719-国联-股票多因子-001-基于level2数据_机构主动资金流.pdf
高频研报/其他/20220909-中银国际-中银量化专题研究：如何高频预测模拟Wind主动股基（885000.WI）指数？.pdf	中银国际/无/20220909-中银国际-无-000-中银量化专题研究_如何高频预测模拟wind主动股基_885000_wi_指数.pdf
高频研报/华泰证券/华泰期货/华泰期货 股指期货高频做市策略的库存风险管理.pdf	华泰期货/无/00000000-华泰期货-无-000-股指期货高频做市策略的库存风险管理.pdf
高频研报/华泰证券/华泰期货/华泰期货 股指期货高频做市策略的政策性影响.pdf	华泰期货/无/00000000-华泰期货-无-000-股指期货高频做市策略的政策性影响.pdf
高频研报/华泰证券/华泰期货/华泰期货 高频因子在股指期货上的低频化应用.pdf	华泰期货/无/00000000-华泰期货-无-000-高频因子在股指期货上的低频化应用.pdf
高频研报/华泰证券/华泰期货/华泰期货 高频收益如何及何时可预测(上).pdf	华泰期货/无/00000000-华泰期货-无-000-高频收益如何及何时可预测_上.pdf
高频研报/华泰证券/华泰期货/华泰期货 高频收益如何及何时可预测(下).pdf	华泰期货/无/00000000-华泰期货-无-000-高频收益如何及何时可预测_下.pdf
高频研报/华泰证券/华泰期货/华泰期货 高频收益如何及何时可预测(中).pdf	华泰期货/无/00000000-华泰期货-无-000-高频收益如何及何时可预测_中.pdf
高频研报/国泰君安/20210610-国泰君安-学界纵横系列之八：天然气期货的高频交易模式是怎样的.pdf	国泰君安/学界纵横/20210610-国泰君安-学界纵横-008-天然气期货的高频交易模式是怎样的.pdf
高频研报/国泰君安/20210730-国泰君安-算法交易系列二：利用高频数据监测机构动向.pdf	国泰君安/算法交易/20210730-国泰君安-算法交易-002-利用高频数据监测机构动向.pdf
高频研报/国泰君安/20220422-国泰君安-学界纵横系列之三十八：基于波动率分解的高频波动率预测模型.pdf	国泰君安/学界纵横/20220422-国泰君安-学界纵横-038-基于波动率分解的高频波动率预测模型.pdf
高频研报/国泰君安/20220728-国泰君安-数量化专题报告：高频量价策略不等于躺着赚钱.pdf	国泰君安/无/20220728-国泰君安-无-000-高频量价策略不等于躺着赚钱.pdf
高频研报/广发证券/20150423-广发证券-另类交易策略系列之二十三：股指期货高频追杀趋势策略.pdf	广发/另类交易策略/20150423-广发-另类交易策略-023-股指期货高频追杀趋势策略.pdf
高频研报/广发证券/20190506-广发证券-高频数据因子研究系列一：基于日内高频数据的短周期选股因子研究.pdf	广发/高频数据因子/20190506-广发-高频数据因子-001-基于日内高频数据的短周期选股因子研究.pdf
高频研报/广发证券/20190815-广发证券-高频数据因子研究系列二：基于日内高频数据的短周期选股因子研究.pdf	广发/高频数据因子/20190815-广发-高频数据因子-002-基于日内高频数据的短周期选股因子研究.pdf
高频研报/广发证券/20200505-广发证券-高频数据因子研究系列三：基于个股羊群效应的选股因子研究.pdf	广发/高频数据因子/20200505-广发-高频数据因子-003-基于个股羊群效应的选股因子研究.pdf
高频研报/广发证券/20210307-广发证券-深度学习研究报告之七：深度学习框架下高频数据因子挖掘.pdf	广发/深度学习/20210307-广发-深度学习-007-深度学习框架下高频数据因子挖掘.pdf
高频研报/广发证券/20210712-广发证券-多因子Alpha系列报告之（四十一）：高频价量数据的因子化方法.pdf	广发/多因子alpha/20210712-广发-多因子alpha-041-高频价量数据的因子化方法.pdf
高频研报/广发证券/20220221-广发证券-高频数据因子研究系列六：信息不对称理论下的因子研究.pdf	广发/高频数据因子/20220221-广发-高频数据因子-006-信息不对称理论下的因子研究.pdf
高频研报/广发证券/20220330-广发证券-高频数据因子研究系列七：再谈信息不对称理论下的因子研究.pdf	广发/高频数据因子/20220330-广发-高频数据因子-007-再谈信息不对称理论下的因子研究.pdf
高频研报/广发证券/20220606-广发证券-高频数据因子研究系列八：日内价量数据因子化研究.pdf	广发/高频数据因子/20220606-广发-高频数据因子-008-日内价量数据因子化研究.pdf
高频研报/广发证券/20220831-广发证券-高频数据因子研究系列九：基于股价跳跃模型的因子研究.pdf	广发/高频数据因子/20220831-广发-高频数据因子-009-基于股价跳跃模型的因子研究.pdf
高频研报/开源证券/20191223-开源证券-市场微观结构研究系列（1）：A股反转之力的微观来源.pdf	开源/市场微观结构/20191223-开源-市场微观结构-001-a股反转之力的微观来源.pdf
高频研报/开源证券/20191228-开源证券-市场微观结构研究系列（2）：交易行为因子的2019年.pdf	开源/市场微观结构/20191228-开源-市场微观结构-002-交易行为因子的2019年.pdf
高频研报/开源证券/20200209-开源证券-市场微观结构研究系列（3）：聪明钱因子模型的2.0版本.pdf	开源/市场微观结构/20200209-开源-市场微观结构-003-聪明钱因子模型的2_0版本.pdf
高频研报/开源证券/20200302-开源证券-市场微观结构研究系列（4）：A股行业动量的精细结构.pdf	开源/市场微观结构/20200302-开源-市场微观结构-004-a股行业动量的精细结构.pdf
高频研报/开源证券/20200307-开源证券-市场微观结构研究系列（5）：APM因子模型的进阶版.pdf	开源/市场微观结构/20200307-开源-市场微观结构-005-apm因子模型的进阶版.pdf
高频研报/开源证券/20200512-开源证券-市场微观结构研究系列（6）：交易者行为与市值风格.pdf	开源/市场微观结构/20200512-开源-市场微观结构-006-交易者行为与市值风格.pdf
高频研报/开源证券/20200516-开源证券-市场微观结构研究系列（7）：振幅因子的隐藏结构.pdf	开源/市场微观结构/20200516-开源-市场微观结构-007-振幅因子的隐藏结构.pdf
高频研报/开源证券/20200527-开源证券-市场微观结构研究系列（8）：结合行业轮动的沪深300指数增强测试.pdf	开源/市场微观结构/20200527-开源-市场微观结构-008-结合行业轮动的沪深300指数增强测试.pdf
高频研报/开源证券/20200905-开源证券-市场微观结构研究系列（9）：主动买卖因子的正确用法.pdf	开源/市场微观结构/20200905-开源-市场微观结构-009-主动买卖因子的正确用法.pdf
高频研报/开源证券/20200917-开源证券-市场微观结构研究系列（10）：因子切割论.pdf	开源/市场微观结构/20200917-开源-市场微观结构-010-因子切割论.pdf
高频研报/开源证券/20210430-开源证券-市场微观结构研究系列（11）：A股分层效应的普适规律与底层逻辑.pdf	开源/市场微观结构/20210430-开源-市场微观结构-011-a股分层效应的普适规律与底层逻辑.pdf
高频研报/开源证券/20210602-开源证券-市场微观结构研究系列（12）：大单与小单资金流的alpha能力.pdf	开源/市场微观结构/20210602-开源-市场微观结构-012-大单与小单资金流的alpha能力.pdf
高频研报/开源证券/20220502-开源证券-市场微观结构研究系列（13）：理想反转因子的4年总结，依旧理想.pdf	开源/市场微观结构/20220502-开源-市场微观结构-013-理想反转因子的4年总结_依旧理想.pdf
高频研报/开源证券/20220602-开源证券-市场微观结构研究系列（14）：新型因子，资金流动力学与散户羊群效应.pdf	开源/市场微观结构/20220602-开源-市场微观结构-014-新型因子_资金流动力学与散户羊群效应.pdf
高频研报/开源证券/20220612-开源证券-市场微观结构研究系列（15）：高频因子，分钟单笔金额序列中的主力行为刻画.pdf	开源/市场微观结构/20220612-开源-市场微观结构-015-高频因子_分钟单笔金额序列中的主力行为刻画.pdf
高频研报/开源证券/20220904-开源证券-市场微观结构研究系列（16）：大小单重定标与资金流因子改进.pdf	开源/市场微观结构/20220904-开源-市场微观结构-016-大小单重定标与资金流因子改进.pdf
高频研报/开源证券/20221203-开源证券-市场微观结构研究系列（17）：日内极端收益前后的反转特性与因子构建.pdf	开源/市场微观结构/20221203-开源-市场微观结构-017-日内极端收益前后的反转特性与因子构建.pdf
高频研报/开源证券/20221218-开源证券-市场微观结构研究系列（18）：大小单资金流alpha探究2.0，变量精筛与高频测算.pdf	开源/市场微观结构/20221218-开源-市场微观结构-018-大小单资金流alpha探究2_0_变量精筛与高频测算.pdf
高频研报/开源证券/20221225-开源证券-市场微观结构研究系列（19）：日内分钟收益率的时序特征，逻辑讨论与因子增强 (1).pdf	开源/市场微观结构/20221225-开源-市场微观结构-019-日内分钟收益率的时序特征_逻辑讨论与因子增强_1.pdf
高频研报/开源证券/20230806-开源证券-市场微观结构研究系列（20）：遗传算法赋能交易行为因子.pdf	开源/市场微观结构/20230806-开源-市场微观结构-020-遗传算法赋能交易行为因子.pdf
高频研报/开源证券/20230919-开源证券-市场微观结构研究系列（21）：订单流系列，关于市场微观结构变迁的故事.pdf	开源/市场微观结构/20230919-开源-市场微观结构-021-订单流系列_关于市场微观结构变迁的故事.pdf
高频研报/开源证券/20240124-开源证券-市场微观结构研究系列（22）：订单流系列，撤单行为规律初探 (2).pdf	开源/市场微观结构/20240124-开源-市场微观结构-022-订单流系列_撤单行为规律初探_2.pdf
高频研报/开源证券/20240128-开源证券-市场微观结构研究系列（23）：大小单资金流为核心的综合行业轮动方案.pdf	开源/市场微观结构/20240128-开源-市场微观结构-023-大小单资金流为核心的综合行业轮动方案.pdf
高频研报/开源证券/20240524-开源证券-市场微观结构研究系列（24）：深度学习赋能交易行为因子.pdf	开源/市场微观结构/20240524-开源-市场微观结构-024-深度学习赋能交易行为因子.pdf
高频研报/开源证券/20240609-开源证券-市场微观结构研究系列（25）：订单流系列，挂单方向长期记忆性的讨论与应用 (1).pdf	开源/市场微观结构/20240609-开源-市场微观结构-025-订单流系列_挂单方向长期记忆性的讨论与应用_1.pdf
高频研报/开源证券/20241231-开源证券-市场微观结构研究系列（26）：资金流与交易行为，因子失效的原因与讨论.pdf	开源/市场微观结构/20241231-开源-市场微观结构-026-资金流与交易行为_因子失效的原因与讨论.pdf
高频研报/开源证券/others/20201114-开源证券-开源量化评论（11）：北上资金高频数据的CTA潜力.pdf	开源/开源量化评论/20201114-开源-开源量化评论-011-北上资金高频数据的cta潜力.pdf
高频研报/开源证券/others/20201231-开源证券-量化评论（13）：高频股东数据的隐含信息量.pdf	开源/开源量化评论/20201231-开源-开源量化评论-013-高频股东数据的隐含信息量.pdf
高频研报/开源证券/others/20210924-开源证券-开源量化评论（36）：独家量价因子的高频测试.pdf	开源/开源量化评论/20210924-开源-开源量化评论-036-独家量价因子的高频测试.pdf
高频研报/招商证券/20191029-招商证券-“琢璞”系列报告之二：高频数据中的知情交易.pdf	招商/琢璞/20191029-招商-琢璞-002-高频数据中的知情交易.pdf
高频研报/招商证券/20200620-招商证券-“高频寻踪”系列之一：交易指令流中的Alpha.pdf	招商/高频寻踪/20200620-招商-高频寻踪-001-交易指令流中的alpha.pdf
高频研报/招商证券/20200630-招商证券-“琢璞”系列报告之十七：高频数据中的知情交易（二）.pdf	招商/琢璞/20200630-招商-琢璞-017-高频数据中的知情交易_二.pdf
高频研报/招商证券/20201219-招商证券-ESG投资研究系列之三：高频ESG数据，穿着燕尾服的Alpha.pdf	招商/esg投资/20201219-招商-esg投资-003-高频esg数据_穿着燕尾服的alpha.pdf
高频研报/招商证券/20210107-招商证券-“高频寻踪”系列之二：轻装上阵，高频数据因子的应用.pdf	招商/高频寻踪/20210107-招商-高频寻踪-002-轻装上阵_高频数据因子的应用.pdf
高频研报/海通证券/others/20181101-海通证券-金融工程专题报告：高频量价因子在股票与期货中的表现.pdf	海通/无/20181101-海通-无-000-高频量价因子在股票与期货中的表现.pdf
高频研报/海通证券/others/20190611-海通证券-金融工程专题报告：听海外高频交易专家讲解美国的高频交易.pdf	海通/无/20190611-海通-无-000-听海外高频交易专家讲解美国的高频交易.pdf
高频研报/海通证券/others/20191113-海通证券-金融工程专题报告：高频因子在不同周期和域下的表现及影响因素分析.pdf	海通/无/20191113-海通-无-000-高频因子在不同周期和域下的表现及影响因素分析.pdf
高频研报/海通证券/others/20200829-海通证券-金融工程专题报告：选股因子系列研究（七十），日内市场微观结构与高频因子选股能力.pdf	海通/选股因子/20200829-海通-选股因子-070-日内市场微观结构与高频因子选股能力.pdf
高频研报/海通证券/others/20210428-海通证券-高频数据应用系列研究（一）：使用高频数据跟踪核心资产的公募基金持仓变化.pdf	海通/高频数据应用/20210428-海通-高频数据应用-001-使用高频数据跟踪核心资产的公募基金持仓变化.pdf
高频研报/海通证券/others/20210714-海通证券-高频数据应用系列研究（二）：公募基金持仓占比预期在选股以及行业轮动中的应用.pdf	海通/高频数据应用/20210714-海通-高频数据应用-002-公募基金持仓占比预期在选股以及行业轮动中的应用.pdf
高频研报/海通证券/others/20211011-海通证券-高频数据应用系列研究（三）：高频调仓对多因子模型的收益增强.pdf	海通/高频数据应用/20211011-海通-高频数据应用-003-高频调仓对多因子模型的收益增强.pdf
高频研报/海通证券/others/20220118-海通证券-金融工程专题报告：高频因子还是行业暴露，多因子指数增强策略的突围选择.pdf	海通/无/20220118-海通-无-000-高频因子还是行业暴露_多因子指数增强策略的突围选择.pdf
高频研报/海通证券/others/20220419-海通证券-从2021年四季度量化私募的回撤说开去：高频赛道拥挤了吗？.pdf	海通/无/20220419-海通-无-000-从2021年四季度量化私募的回撤说开去_高频赛道拥挤了吗.pdf
高频研报/海通证券/others/20221221-海通证券-高频策略交易成本的分析和预测.pdf	海通/无/20221221-海通-无-000-高频策略交易成本的分析和预测.pdf
高频研报/长江证券/20170310-长江证券-金工高频识途系列（一）：基于买入行为构建情绪因子.pdf	长江/金工高频识途/20170310-长江-金工高频识途-001-基于买入行为构建情绪因子.pdf
高频研报/长江证券/20190601-长江证券-基础因子研究（七）：高频因子（二），结构化反转因子.pdf	长江/基础因子/20190601-长江-基础因子-007-高频因子_二_结构化反转因子.pdf
高频研报/长江证券/20190721-长江证券-基础因子研究（八）：高频因子（三），高频因子研究框架.pdf	长江/基础因子/20190721-长江-基础因子-008-高频因子_三_高频因子研究框架.pdf
高频研报/长江证券/20190810-长江证券-基础因子研究（十）：高频因子（五），高频因子和交易行为.pdf	长江/基础因子/20190810-长江-基础因子-010-高频因子_五_高频因子和交易行为.pdf
高频研报/长江证券/20191013-长江证券-基础因子研究（十一）：高频因子（六），特异视角下的波动率因子.pdf	长江/基础因子/20191013-长江-基础因子-011-高频因子_六_特异视角下的波动率因子.pdf
高频研报/长江证券/20200701-长江证券-负面Alpha研究（三）：高频因子篇，如何利用负面因子做指数增强？.pdf	长江/负面alpha/20200701-长江-负面alpha-003-高频因子篇_如何利用负面因子做指数增强.pdf
高频研报/长江证券/20200810-长江证券-基础因子研究（十二），高频因子（七）：分布估计下的主动成交占比.pdf	长江/基础因子/20200810-长江-基础因子-012-高频因子_七_分布估计下的主动成交占比.pdf
高频研报/长江证券/20200916-长江证券-基础因子研究（十三）：高频因子（八），高位成交因子，从量价匹配说起.pdf	长江/基础因子/20200916-长江-基础因子-013-高频因子_八_高位成交因子_从量价匹配说起.pdf
高频研报/长江证券/20201012-长江证券-基础因子研究（十四）：高频因子（九），高频波动中的时间序列信息.pdf	长江/基础因子/20201012-长江-基础因子-014-高频因子_九_高频波动中的时间序列信息.pdf
高频研报/长江证券/20210128-长江证券-基础因子研究（十六）：高频因子（十），量价关系中的反转微观结构.pdf	长江/基础因子/20210128-长江-基础因子-016-高频因子_十_量价关系中的反转微观结构.pdf
高频研报/长江证券/20210322-长江证券-基础因子研究（十七）：高频因子（十一），高频数据的微观划分.pdf	长江/基础因子/20210322-长江-基础因子-017-高频因子_十一_高频数据的微观划分.pdf
高频研报/长江证券/20210606-长江证券-基础因子研究（十八）：高频因子（十二），日内与日间.pdf	长江/基础因子/20210606-长江-基础因子-018-高频因子_十二_日内与日间.pdf
高频研报/华泰证券/华泰人工智能/20231017-华泰人工智能系列之七十：高频因子计算的GPU加速.pdf	[已删除:重复副本]
高频研报/华泰证券/华泰人工智能/20240927-82.华泰金工 _ GPT因子工厂2.0：基本面与高频因子挖掘.pdf	[已删除:重复副本]
高频研报/国金证券/Alpha掘金系列之15：基于OpenFE框架的机器学习Level2高频特征挖掘方法.pdf	[已删除:重复副本]
高频研报/国金证券/Alpha掘金系列之2：基于高频快照数据的量价背离选股因子-20221118-国金证券.pdf	[已删除:重复副本]
高频研报/国金证券/Alpha掘金系列之3：高频非线性选股因子的线性化与失效因子的动态纠正-20230202-国金证券.pdf	[已删除:重复副本]
高频研报/国金证券/Alpha掘金系列之4：基于逐笔成交数据的遗憾规避因子-20230227-国金证券-22页.pdf	[已删除:重复副本]
高频研报/国金证券/Alpha掘金系列之6：弹性与投资者耐心，基于高频订单簿的斜率凸性因子-20230626-国金证券-23页.pdf	[已删除:重复副本]
高频研报/海通证券/2016-06-06_海通证券_选股因子系列研究（十一）：Level2行情选股因子初探.pdf	[已删除:重复副本]
高频研报/海通证券/2017-05-08_海通证券_选股因子系列研究（十九）：高频因子之股票收益分布特征.pdf	[已删除:重复副本]
高频研报/海通证券/2017-09-11_海通证券_选股因子系列研究（二十五）：高频因子之已实现波动分解.pdf	[已删除:重复副本]
高频研报/海通证券/2020-01-13_海通证券_选股因子系列研究（五十七）：基于主动买入行为的选股因子.pdf	[已删除:重复副本]
高频研报/海通证券/2020-02-17_海通证券_选股因子系列研究（五十八）：知情交易与主买主卖.pdf	[已删除:重复副本]
高频研报/海通证券/2020-02-24_海通证券_选股因子系列研究（五十九）：基于逐笔成交数据的高频因子梳理.pdf	[已删除:重复副本]
高频研报/海通证券/2020-03-06_海通证券_选股因子系列研究（六十）：如何利用高频因子的空头效应？.pdf	[已删除:重复副本]
高频研报/海通证券/2020-03-23_海通证券_选股因子系列研究（六十一）：从加权IC到机器学习-高频因子多头失效的修正.pdf	[已删除:重复副本]
高频研报/海通证券/2020-04-13_海通证券_选股因子系列研究（六十三）：剔除高频多因子空头组合后的沪深300指数增强策略.pdf	[已删除:重复副本]
高频研报/海通证券/2020-04-24_海通证券_选股因子系列研究（六十四）：基于直观逻辑和机器学习的高频数据低频化应用.pdf	[已删除:重复副本]
高频研报/海通证券/2020-05-28_海通证券_选股因子系列研究（六十五）：剔除高频因子空头组合后的中证500指数增强策略.pdf	[已删除:重复副本]
高频研报/海通证券/2020-06-22_海通证券_选股因子系列研究（六十六）：寻找逐笔交易中的有效信息.pdf	[已删除:重复副本]
高频研报/海通证券/2020-06-24_海通证券_选股因子系列研究（六十七）：短周期高频因子与组合调仓收益增强.pdf	[已删除:重复副本]
高频研报/海通证券/2020-07-30_海通证券_选股因子系列研究（六十九）：高频因子的现实与幻想.pdf	[已删除:重复副本]
高频研报/海通证券/2020-08-31_海通证券_选股因子系列研究（七十）：日内市场微观结构与高频因子选股能力.pdf	[已删除:重复副本]
高频研报/海通证券/2020-12-18_海通证券_选股因子系列研究（七十一）：逐笔大单因子与大资金行为.pdf	[已删除:重复副本]
高频研报/海通证券/2021-01-20_海通证券_选股因子系列研究（七十二）：大单的精细化处理与大单因子重构.pdf	[已删除:重复副本]
高频研报/海通证券/2021-12-27_海通证券_选股因子系列研究（七十五）：限价订单簿（LOB）的还原和应用.pdf	[已删除:重复副本]
高频研报/海通证券/2021-12-28_海通证券_选股因子系列研究（七十六）：基于深度学习的高频因子挖掘.pdf	[已删除:重复副本]
高频研报/海通证券/2022-04-07_海通证券_选股因子系列研究（七十七）：改进深度学习高频因子的9个尝试.pdf	[已删除:重复副本]
高频研报/海通证券/2022-05-31_海通证券_选股因子系列研究（七十九）：用注意力机制优化深度学习高频因子.pdf	[已删除:重复副本]
高频研报/海通证券/2022-10-24_海通证券_选股因子系列研究（八十五）：买卖单主动成交中的隐藏信息.pdf	[已删除:重复副本]
高频研报/海通证券/2023-01-30_海通证券_选股因子系列研究（八十六）：深度学习高频因子的特征工程.pdf	[已删除:重复副本]
高频研报/海通证券/2023-05-14_海通证券_选股因子系列研究（八十七）：高频与日度量价数据混合的深度学习因子.pdf	[已删除:重复副本]
基金研究/中金 _ 归因溯源，繁中选优——公募基金因子评价体系.pdf	[冲突未动:中金/无/00000000-中金-无-000-归因溯源_繁中选优_公募基金因子评价体系.pdf]
